Order_Id,SALES,ORDERDATE,PRODUCTCODE
10107,2871,2003-02-24,S10_1678
10121,2765.9,2003-05-07,S10_1678
10134,3884.34,2003-07-01,S10_1678
10145,3746.7,2003-08-25,S10_1678
10159,5205.27,2003-10-10,S10_1678
10168,3479.76,2003-10-28,S10_1678
10180,2497.77,2003-11-11,S10_1678
10188,5512.32,2003-11-18,S10_1678
10201,2168.54,2003-12-01,S10_1678
10211,4708.44,2004-01-15,S10_1678
10223,3965.66,2004-02-20,S10_1678
10237,2333.12,2004-04-05,S10_1678
10251,3188.64,2004-05-18,S10_1678
10263,3676.76,2004-06-28,S10_1678
10275,4177.35,2004-07-23,S10_1678
10285,4099.68,2004-08-27,S10_1678
10299,2597.39,2004-09-30,S10_1678
10309,4394.38,2004-10-15,S10_1678
10318,4358.04,2004-11-02,S10_1678
10329,4396.14,2004-11-15,S10_1678
10341,7737.93,2004-11-24,S10_1678
10361,1451,2004-12-17,S10_1678
10375,733.11,2005-02-03,S10_1678
10388,3207.12,2005-03-03,S10_1678
10403,2434.56,2005-04-08,S10_1678
10417,7516.08,2005-05-13,S10_1678
10103,5404.62,2003-01-29,S10_1949
10112,7209.11,2003-03-24,S10_1949
10126,7329.06,2003-05-28,S10_1949
10140,7374.1,2003-07-24,S10_1949
10150,10993.5,2003-09-19,S10_1949
10163,4860.24,2003-10-20,S10_1949
10174,8014.82,2003-11-06,S10_1949
10183,5372.57,2003-11-13,S10_1949
10194,7290.36,2003-11-25,S10_1949
10206,9064.89,2003-12-05,S10_1949
10215,6075.3,2004-01-29,S10_1949
10228,6463.23,2004-03-10,S10_1949
10245,6120.34,2004-05-04,S10_1949
10258,7680.64,2004-06-15,S10_1949
10270,4905.39,2004-07-19,S10_1949
10280,8014.82,2004-08-17,S10_1949
10291,7136.19,2004-09-08,S10_1949
10304,10172.7,2004-10-11,S10_1949
10312,11623.7,2004-10-21,S10_1949
10322,6000.4,2004-11-04,S10_1949
10333,3003,2004-11-18,S10_1949
10347,3944.7,2004-11-29,S10_1949
10357,5691.84,2004-12-10,S10_1949
10369,4514.92,2005-01-20,S10_1949
10381,8254.8,2005-02-17,S10_1949
10391,2416.56,2005-03-09,S10_1949
10411,4140.23,2005-05-01,S10_1949
10424,12001,2005-05-31,S10_1949
10107,3896.49,2003-02-24,S10_2016
10120,2793.86,2003-04-29,S10_2016
10134,3307.77,2003-07-01,S10_2016
10145,5192.95,2003-08-25,S10_2016
10159,5016.83,2003-10-10,S10_2016
10168,3660.93,2003-10-28,S10_2016
10180,4695.6,2003-11-11,S10_2016
10188,3660.92,2003-11-18,S10_2016
10201,3025.92,2003-12-01,S10_2016
10210,3009.09,2004-01-12,S10_2016
10223,5422.39,2004-02-20,S10_2016
10236,2852.08,2004-04-03,S10_2016
10251,5756.52,2004-05-18,S10_2016
10263,4472,2004-06-28,S10_2016
10275,2904.44,2004-07-23,S10_2016
10285,6484.59,2004-08-27,S10_2016
10298,3757.26,2004-09-27,S10_2016
10308,4043.96,2004-10-15,S10_2016
10318,5566.5,2004-11-02,S10_2016
10329,3176,2004-11-15,S10_2016
10339,2756.8,2004-11-23,S10_2016
10361,1329.9,2004-12-17,S10_2016
10374,5288.01,2005-02-02,S10_2016
10388,2225.5,2005-03-03,S10_2016
10402,5833.8,2005-04-07,S10_2016
10417,5887.35,2005-05-13,S10_2016
10107,6065.55,2003-02-24,S10_4698
10120,9264.86,2003-04-29,S10_4698
10134,7023.98,2003-07-01,S10_4698
10145,5176.38,2003-08-25,S10_4698
10159,4132.7,2003-10-10,S10_4698
10168,4183,2003-10-28,S10_4698
10180,8892.9,2003-11-11,S10_4698
10188,8714.7,2003-11-18,S10_4698
10201,8065.89,2003-12-01,S10_4698
10210,6123.4,2004-01-12,S10_4698
10223,9774.03,2004-02-20,S10_4698
10237,7023.9,2004-04-05,S10_4698
10251,7078.23,2004-05-18,S10_4698
10263,8336.94,2004-06-28,S10_4698
10275,6901.92,2004-07-23,S10_4698
10285,5438.07,2004-08-27,S10_4698
10299,6683.34,2004-09-30,S10_4698
10308,4570.4,2004-10-15,S10_4698
10318,7667.14,2004-11-02,S10_4698
10329,5868.2,2004-11-15,S10_4698
10339,2990.13,2004-11-23,S10_4698
10362,3664.1,2005-01-05,S10_4698
10374,3834.38,2005-02-02,S10_4698
10388,1822.17,2005-03-03,S10_4698
10403,11886.6,2005-04-08,S10_4698
10417,9218.16,2005-05-13,S10_4698
10105,7208,2003-02-11,S10_4757
10119,5004.8,2003-04-28,S10_4757
10129,4398.24,2003-06-12,S10_4757
10143,5597.76,2003-08-10,S10_4757
10155,4526.08,2003-10-06,S10_4757
10167,5924.16,2003-10-23,S10_4757
10178,3492.48,2003-11-08,S10_4757
10186,3854.24,2003-11-14,S10_4757
10197,5324.4,2003-11-26,S10_4757
10209,5197.92,2004-01-09,S10_4757
10222,5997.6,2004-02-19,S10_4757
10248,2910.4,2004-05-07,S10_4757
10261,3378.24,2004-06-17,S10_4757
10273,3508.8,2004-07-21,S10_4757
10283,2992,2004-08-20,S10_4757
10295,3427.2,2004-09-10,S10_4757
10307,2692.8,2004-10-14,S10_4757
10316,4128.96,2004-11-01,S10_4757
10325,3051.71,2004-11-05,S10_4757
10337,1201.25,2004-11-21,S10_4757
10350,1962.22,2004-12-02,S10_4757
10359,2624.64,2004-12-15,S10_4757
10373,4046.25,2005-01-31,S10_4757
10384,4846.7,2005-02-23,S10_4757
10395,3370.56,2005-03-17,S10_4757
10400,9661.44,2005-04-01,S10_4757
10414,2764.88,2005-05-06,S10_4757
10103,5398.26,2003-01-29,S10_4962
10114,4305.28,2003-04-01,S10_4962
10126,3347.74,2003-05-28,S10_4962
10140,3188.12,2003-07-24,S10_4962
10150,3191.2,2003-09-19,S10_4962
10164,3536.82,2003-10-21,S10_4962
10175,5362.83,2003-11-06,S10_4962
10183,3433.36,2003-11-13,S10_4962
10194,4263.74,2003-11-25,S10_4962
10207,4076.19,2003-12-09,S10_4962
10217,7020.48,2004-02-04,S10_4962
10229,6426.5,2004-03-11,S10_4962
10245,4591.72,2004-05-04,S10_4962
10259,4033.38,2004-06-15,S10_4962
10270,4302.08,2004-07-19,S10_4962
10281,7020.64,2004-08-19,S10_4962
10291,3855.9,2004-09-08,S10_4962
10305,6680.78,2004-10-13,S10_4962
10313,6678,2004-10-22,S10_4962
10322,2851.54,2004-11-04,S10_4962
10334,3188.12,2004-11-19,S10_4962
10347,4428,2004-11-29,S10_4962
10357,5780.92,2004-12-10,S10_4962
10370,2297.05,2005-01-20,S10_4962
10381,6231.54,2005-02-17,S10_4962
10391,1735.3,2005-03-09,S10_4962
10411,4427.73,2005-05-01,S10_4962
10425,5894.94,2005-05-31,S10_4962
10108,5265.15,2003-03-03,S12_1099
10122,7599.9,2003-05-08,S12_1099
10135,8008.56,2003-07-02,S12_1099
10147,9245.76,2003-09-05,S12_1099
10159,8296.35,2003-10-10,S12_1099
10169,5019.9,2003-11-04,S12_1099
10181,5411.07,2003-11-12,S12_1099
10191,3840.9,2003-11-20,S12_1099
10203,3930.4,2003-12-02,S12_1099
10211,7498.9,2004-01-15,S12_1099
10225,4517.91,2004-02-22,S12_1099
10238,5774.72,2004-04-09,S12_1099
10253,3922.56,2004-06-01,S12_1099
10266,9160.36,2004-07-06,S12_1099
10276,9631,2004-08-02,S12_1099
10287,3432.24,2004-08-30,S12_1099
10300,5521.89,2003-10-04,S12_1099
10310,6934.62,2004-10-16,S12_1099
10320,6876.11,2004-11-03,S12_1099
10329,2930.27,2004-11-15,S12_1099
10341,3584.25,2004-11-24,S12_1099
10363,2817.87,2005-01-06,S12_1099
10375,3420,2005-02-03,S12_1099
10389,2575.04,2005-03-03,S12_1099
10419,1961.28,2005-05-17,S12_1099
10105,8690.36,2003-02-11,S12_1108
10117,6034.38,2003-04-16,S12_1108
10127,11279.2,2003-06-03,S12_1108
10142,8023.29,2003-08-08,S12_1108
10153,4904,2003-09-28,S12_1108
10165,8594.52,2003-10-22,S12_1108
10176,7474.5,2003-11-06,S12_1108
10185,3883.74,2003-11-14,S12_1108
10196,8887.7,2003-11-26,S12_1108
10208,8602.92,2004-01-02,S12_1108
10220,7181.44,2004-02-12,S12_1108
10231,8378.58,2004-03-19,S12_1108
10247,10606.2,2004-05-05,S12_1108
10272,5818.4,2004-07-20,S12_1108
10282,7071.27,2004-08-20,S12_1108
10293,8411.56,2004-09-09,S12_1108
10306,6570.76,2004-10-14,S12_1108
10314,7975.44,2004-10-22,S12_1108
10325,2688,2004-11-05,S12_1108
10336,1888.26,2004-11-20,S12_1108
10348,2513.28,2004-11-01,S12_1108
10359,4764.48,2004-12-15,S12_1108
10371,3560.64,2005-01-23,S12_1108
10382,3823.64,2005-02-17,S12_1108
10395,2280.96,2005-03-17,S12_1108
10413,8677.8,2005-05-05,S12_1108
10103,3394.98,2003-01-29,S12_1666
10113,3415.44,2003-03-26,S12_1666
10126,2439.57,2003-05-28,S12_1666
10140,4829.8,2003-07-24,S12_1666
10150,4100.1,2003-09-19,S12_1666
10164,6563.06,2003-10-21,S12_1666
10174,6817.22,2003-11-06,S12_1666
10183,6163.94,2003-11-13,S12_1666
10194,4933.92,2003-11-25,S12_1666
10206,4056.36,2003-12-05,S12_1666
10216,5759.42,2004-02-02,S12_1666
10229,3451,2004-03-11,S12_1666
10245,5920.4,2004-05-04,S12_1666
10258,6668.24,2004-06-15,S12_1666
10270,4094.72,2004-07-19,S12_1666
10281,2938.5,2004-08-19,S12_1666
10291,6387.8,2004-09-08,S12_1666
10304,6396,2004-10-11,S12_1666
10313,2669.1,2004-10-22,S12_1666
10322,4784.13,2004-11-04,S12_1666
10333,3273.93,2004-11-18,S12_1666
10347,3586.43,2004-11-29,S12_1666
10357,5960.36,2004-12-10,S12_1666
10370,8470.14,2005-01-20,S12_1666
10381,2952,2005-02-17,S12_1666
10391,2464.8,2005-03-09,S12_1666
10411,6232,2005-05-01,S12_1666
10424,7969.36,2005-05-31,S12_1666
10107,3036.6,2003-02-24,S12_2823
10121,8284,2003-05-07,S12_2823
10134,2711.2,2003-07-01,S12_2823
10145,8339.8,2003-08-25,S12_2823
10159,6238.84,2003-10-10,S12_2823
10169,4639.25,2003-11-04,S12_2823
10180,6747.6,2003-11-11,S12_2823
10189,4512.48,2003-11-18,S12_2823
10201,4029,2003-12-01,S12_2823
10211,4771.8,2004-01-15,S12_2823
10224,6087.94,2004-02-21,S12_2823
10237,4193.28,2004-04-05,S12_2823
10251,7552.28,2004-05-18,S12_2823
10263,6434.4,2004-06-28,S12_2823
10276,5181.5,2004-08-02,S12_2823
10285,6863.92,2004-08-27,S12_2823
10299,4157.04,2004-09-30,S12_2823
10309,4660.24,2004-10-15,S12_2823
10319,4111.8,2004-11-03,S12_2823
10329,3542.64,2004-11-15,S12_2823
10341,8118.55,2004-11-24,S12_2823
10362,3877.06,2005-01-05,S12_2823
10375,3867.08,2005-02-03,S12_2823
10388,5951.44,2005-03-03,S12_2823
10403,8648.64,2005-04-08,S12_2823
10417,3447.78,2005-05-13,S12_2823
10104,5958.5,2003-01-31,S12_3148
10117,5911.64,2003-04-16,S12_3148
10127,7366.44,2003-06-03,S12_3148
10142,4985.64,2003-08-08,S12_3148
10153,5393.64,2003-09-28,S12_3148
10165,4880.02,2003-10-22,S12_3148
10176,8378.69,2003-11-06,S12_3148
10185,4038.21,2003-11-14,S12_3148
10196,3807.12,2003-11-26,S12_3148
10208,3142.36,2004-01-02,S12_3148
10220,4713.6,2004-02-12,S12_3148
10230,7016.31,2004-03-15,S12_3148
10247,4381.25,2004-05-05,S12_3148
10272,4283.01,2004-07-20,S12_3148
10282,4364.82,2004-08-20,S12_3148
10293,4242.24,2004-09-09,S12_3148
10306,4982.7,2004-10-14,S12_3148
10314,6393.54,2004-10-22,S12_3148
10324,1466.91,2004-11-05,S12_3148
10336,4059.33,2004-11-20,S12_3148
10348,4801.52,2004-11-01,S12_3148
10358,2711.66,2004-12-10,S12_3148
10372,5862,2005-01-26,S12_3148
10382,4071.85,2005-02-17,S12_3148
10413,8236.75,2005-05-05,S12_3148
10108,6130.35,2003-03-03,S12_3380
10122,3693.34,2003-05-08,S12_3380
10135,6031.68,2003-07-02,S12_3380
10147,3494.94,2003-09-05,S12_3380
10160,5294.14,2003-10-11,S12_3380
10170,5464.69,2003-11-04,S12_3380
10181,2860.76,2003-11-12,S12_3380
10191,5590,2003-11-20,S12_3380
10203,2254.8,2003-12-02,S12_3380
10212,4946.76,2004-01-16,S12_3380
10225,2495.5,2004-02-22,S12_3380
10238,3167.38,2004-04-09,S12_3380
10253,2402.84,2004-06-01,S12_3380
10266,2454.54,2004-07-06,S12_3380
10276,5464.69,2004-08-02,S12_3380
10287,4756.5,2004-08-30,S12_3380
10300,3984.6,2003-10-04,S12_3380
10310,3100.32,2004-10-16,S12_3380
10320,4850.3,2004-11-03,S12_3380
10329,3846.98,2004-11-15,S12_3380
10341,4220.92,2004-11-24,S12_3380
10363,3288.82,2005-01-06,S12_3380
10376,3987.2,2005-02-08,S12_3380
10389,1809.5,2005-03-03,S12_3380
10419,1092.2,2005-05-17,S12_3380
10105,4566.05,2003-02-11,S12_3891
10117,5938.14,2003-04-16,S12_3891
10127,8138.76,2003-06-03,S12_3891
10142,9470.94,2003-08-08,S12_3891
10153,7036.89,2003-09-28,S12_3891
10165,5559.03,2003-10-22,S12_3891
10176,7872.5,2003-11-06,S12_3891
10185,7886.2,2003-11-14,S12_3891
10196,7232.16,2003-11-26,S12_3891
10208,3114.4,2004-01-02,S12_3891
10220,5045.22,2004-02-12,S12_3891
10231,6952.12,2004-03-19,S12_3891
10247,4157.73,2004-05-05,S12_3891
10272,7962.24,2004-07-20,S12_3891
10282,3778.8,2004-08-20,S12_3891
10293,8253,2004-09-09,S12_3891
10306,3633.4,2004-10-14,S12_3891
10314,6913.8,2004-10-22,S12_3891
10325,2583.6,2004-11-05,S12_3891
10336,3105.62,2004-11-20,S12_3891
10349,4408.56,2004-12-01,S12_3891
10359,3042.41,2004-12-15,S12_3891
10372,5941.5,2005-01-26,S12_3891
10382,3241.9,2005-02-17,S12_3891
10396,6109.29,2005-03-23,S12_3891
10413,3387.78,2005-05-05,S12_3891
10108,3485.82,2003-03-03,S12_3990
10122,2042.88,2003-05-08,S12_3990
10135,1800.24,2003-07-02,S12_3990
10147,1340.64,2003-09-05,S12_3990
10159,1762.08,2003-10-10,S12_3990
10169,2298.24,2003-11-04,S12_3990
10181,1628,2003-11-12,S12_3990
10191,1939.2,2003-11-20,S12_3990
10203,3651.56,2003-12-02,S12_3990
10211,2591.96,2004-01-15,S12_3990
10225,2864.17,2004-02-22,S12_3990
10238,1484.2,2004-04-09,S12_3990
10253,2254.25,2004-06-01,S12_3990
10266,2681.35,2004-07-06,S12_3990
10276,3184.02,2004-08-02,S12_3990
10287,2846.63,2004-08-30,S12_3990
10300,1685.42,2003-10-04,S12_3990
10310,3988.6,2004-10-16,S12_3990
10320,2789.96,2004-11-03,S12_3990
10329,3607.56,2004-11-15,S12_3990
10341,3368.16,2004-11-24,S12_3990
10363,2775.08,2005-01-06,S12_3990
10377,1627.92,2005-02-09,S12_3990
10389,2529.36,2005-03-03,S12_3990
10419,3065.78,2005-05-17,S12_3990
10104,4615.78,2003-01-31,S12_4473
10115,5723.78,2003-04-04,S12_4473
10127,2559.6,2003-06-03,S12_4473
10141,2140.11,2003-08-01,S12_4473
10151,3327.6,2003-09-21,S12_4473
10165,6825.6,2003-10-22,S12_4473
10175,3543.28,2003-11-06,S12_4473
10184,4516.22,2003-11-14,S12_4473
10195,6445.46,2003-11-25,S12_4473
10207,3384.36,2003-12-09,S12_4473
10219,4891.68,2004-02-10,S12_4473
10229,4521.96,2004-03-11,S12_4473
10246,5069.66,2004-05-05,S12_4473
10259,6541.2,2004-06-15,S12_4473
10271,3012.27,2004-07-20,S12_4473
10281,5247.18,2004-08-19,S12_4473
10292,2214.87,2004-09-08,S12_4473
10305,4773.18,2004-10-13,S12_4473
10314,6185.7,2004-10-22,S12_4473
10324,1517.88,2004-11-05,S12_4473
10336,6372.6,2004-11-20,S12_4473
10349,5232.96,2004-12-01,S12_4473
10358,2694.72,2004-12-10,S12_4473
10371,1749.79,2005-01-23,S12_4473
10382,2130.56,2005-02-17,S12_4473
10412,5951.34,2005-05-03,S12_4473
10425,4692.6,2005-05-31,S12_4473
10108,3731.04,2003-03-03,S12_4675
10122,2142,2003-05-08,S12_4675
10135,2838.81,2003-07-02,S12_4675
10147,3230.37,2003-09-05,S12_4675
10160,5182,2003-10-11,S12_4675
10170,4391.1,2003-11-04,S12_4675
10181,4477.32,2003-11-12,S12_4675
10192,3544.56,2003-11-20,S12_4675
10203,5195.85,2003-12-02,S12_4675
10212,4180.44,2004-01-16,S12_4675
10225,2684.43,2004-02-22,S12_4675
10239,1958.88,2004-04-12,S12_4675
10253,4910.57,2004-06-01,S12_4675
10266,4468.4,2004-07-06,S12_4675
10277,3127.88,2004-08-04,S12_4675
10287,2675.13,2004-08-30,S12_4675
10300,2807.61,2003-10-04,S12_4675
10310,2504.75,2004-10-16,S12_4675
10321,2984.88,2004-11-04,S12_4675
10329,2524.86,2004-11-15,S12_4675
10341,4136,2004-11-24,S12_4675
10363,4068.7,2005-01-06,S12_4675
10377,5182,2005-02-09,S12_4675
10389,5243.79,2005-03-03,S12_4675
10405,9048.16,2005-04-14,S12_4675
10419,3832.64,2005-05-17,S12_4675
10103,3920,2003-01-29,S18_1097
10113,4916.66,2003-03-26,S18_1097
10126,3857,2003-05-28,S18_1097
10140,4181.44,2003-07-24,S18_1097
10150,4641,2003-09-19,S18_1097
10164,3570.12,2003-10-21,S18_1097
10174,4480.32,2003-11-06,S18_1097
10183,2033.64,2003-11-13,S18_1097
10194,1960.14,2003-11-25,S18_1097
10206,3966.78,2003-12-05,S18_1097
10215,5152,2004-01-29,S18_1097
10228,3360,2004-03-10,S18_1097
10245,3451,2004-05-04,S18_1097
10258,5453,2004-06-15,S18_1097
10270,4164.12,2004-07-19,S18_1097
10280,2800.08,2004-08-17,S18_1097
10291,4687.94,2004-09-08,S18_1097
10304,4508,2004-10-11,S18_1097
10312,4181.44,2004-10-21,S18_1097
10322,2251.04,2004-11-04,S18_1097
10333,1167.25,2004-11-18,S18_1097
10347,2083.2,2004-11-29,S18_1097
10357,3822,2004-12-10,S18_1097
10370,3911.49,2005-01-20,S18_1097
10381,4704,2005-02-17,S18_1097
10391,2467.9,2005-03-09,S18_1097
10411,3213,2005-05-01,S18_1097
10424,7182,2005-05-31,S18_1097
10109,4379.18,2003-03-10,S18_1129
10122,5004.8,2003-05-08,S18_1129
10136,3644.75,2003-07-04,S18_1129
10148,2702.04,2003-09-11,S18_1129
10161,3764.88,2003-10-17,S18_1129
10171,4508,2003-11-05,S18_1129
10181,5418.16,2003-11-12,S18_1129
10192,3300.66,2003-11-20,S18_1129
10204,6182.4,2003-12-02,S18_1129
10212,4186.73,2004-01-16,S18_1129
10225,4529.28,2004-02-22,S18_1129
10240,5628.89,2004-04-13,S18_1129
10253,3054.48,2004-06-01,S18_1129
10266,2526.51,2004-07-06,S18_1129
10278,4667.86,2004-08-06,S18_1129
10287,6499.32,2004-08-30,S18_1129
10301,5917.78,2003-10-05,S18_1129
10310,6231.91,2004-10-16,S18_1129
10321,5803.14,2004-11-04,S18_1129
10331,6434.02,2004-11-17,S18_1129
10342,6454.4,2004-11-24,S18_1129
10356,4196.8,2004-12-09,S18_1129
10365,2611.8,2005-01-07,S18_1129
10377,5895.05,2005-02-09,S18_1129
10390,3375.72,2005-03-04,S18_1129
10406,8374.69,2005-04-15,S18_1129
10419,4464.24,2005-05-17,S18_1129
10102,4808.31,2003-01-10,S18_1342
10111,3288.78,2003-03-25,S18_1342
10125,3254.72,2003-05-21,S18_1342
10139,3184.94,2003-07-16,S18_1342
10149,5907.5,2003-09-12,S18_1342
10162,4389.12,2003-10-18,S18_1342
10173,5036.16,2003-11-05,S18_1342
10182,2183.25,2003-11-12,S18_1342
10193,3106.88,2003-11-21,S18_1342
10205,3735.72,2003-12-03,S18_1342
10215,2413.26,2004-01-29,S18_1342
10227,2953.75,2004-03-02,S18_1342
10244,4684.8,2004-04-29,S18_1342
10256,3248.7,2004-06-08,S18_1342
10280,5239.5,2004-08-17,S18_1342
10289,4567.98,2004-09-03,S18_1342
10304,3535.35,2004-10-11,S18_1342
10312,3843.34,2004-10-21,S18_1342
10322,3710.9,2004-11-04,S18_1342
10332,4375.98,2004-11-17,S18_1342
10346,1516.62,2004-11-29,S18_1342
10356,2509,2004-12-09,S18_1342
10369,9240.44,2005-01-20,S18_1342
10380,2515.32,2005-02-16,S18_1342
10391,5548.9,2005-03-09,S18_1342
10422,4873.05,2005-05-30,S18_1342
10102,2055.74,2003-01-10,S18_1367
10111,2354.88,2003-03-25,S18_1367
10126,2309.58,2003-05-28,S18_1367
10139,2113.37,2003-07-16,S18_1367
10149,1746.6,2003-09-12,S18_1367
10162,2304.45,2003-10-18,S18_1367
10173,2122.08,2003-11-05,S18_1367
10182,1742.4,2003-11-12,S18_1367
10193,2455.02,2003-11-21,S18_1367
10205,3053.28,2003-12-03,S18_1367
10215,1423.29,2004-01-29,S18_1367
10227,1504.12,2004-03-02,S18_1367
10244,1164.4,2004-04-29,S18_1367
10256,1500.75,2004-06-08,S18_1367
10280,1557.36,2004-08-17,S18_1367
10289,1345.68,2004-09-03,S18_1367
10304,1795.24,2004-10-11,S18_1367
10312,1105.25,2004-10-21,S18_1367
10322,2364.88,2004-11-04,S18_1367
10332,2427.03,2004-11-17,S18_1367
10347,1237.95,2004-11-29,S18_1367
10356,1593.02,2004-12-09,S18_1367
10369,3156.16,2005-01-20,S18_1367
10381,1320.75,2005-02-17,S18_1367
10391,4998,2005-03-09,S18_1367
10422,1293.75,2005-05-30,S18_1367
10110,5433.08,2003-03-18,S18_1589
10123,3073.72,2003-05-20,S18_1589
10137,4380.2,2003-07-10,S18_1589
10148,5848.68,2003-09-11,S18_1589
10161,6153.73,2003-10-17,S18_1589
10172,4965.24,2003-11-05,S18_1589
10181,5435.64,2003-11-12,S18_1589
10192,4258.36,2003-11-20,S18_1589
10204,4032,2003-12-02,S18_1589
10212,4492.36,2004-01-16,S18_1589
10226,4161.38,2004-02-26,S18_1589
10241,2508.66,2004-04-13,S18_1589
10253,3374.88,2004-06-01,S18_1589
10266,5196.6,2004-07-06,S18_1589
10278,2604.52,2004-08-06,S18_1589
10288,2936.8,2004-09-01,S18_1589
10301,3424.64,2003-10-05,S18_1589
10311,2923.2,2004-10-16,S18_1589
10321,4489.76,2004-11-04,S18_1589
10331,4849.24,2004-11-17,S18_1589
10343,5848.92,2004-11-24,S18_1589
10367,2758.7,2005-01-12,S18_1589
10378,1449.76,2005-02-10,S18_1589
10407,7048.14,2005-04-22,S18_1589
10419,5202.94,2005-05-17,S18_1589
10106,5279.4,2003-02-17,S18_1662
10119,6916.12,2003-04-28,S18_1662
10131,2781.66,2003-06-16,S18_1662
10143,5248,2003-08-10,S18_1662
10155,6531.44,2003-10-06,S18_1662
10167,5763.72,2003-10-23,S18_1662
10178,6490.68,2003-11-08,S18_1662
10186,6004.8,2003-11-14,S18_1662
10198,7483.98,2003-11-27,S18_1662
10210,5719.5,2004-01-12,S18_1662
10222,6954.08,2004-02-19,S18_1662
10250,8160.3,2004-05-11,S18_1662
10262,6567.96,2004-06-24,S18_1662
10274,6724,2004-07-21,S18_1662
10284,5747.85,2004-08-21,S18_1662
10296,5676.84,2004-09-15,S18_1662
10307,7379.97,2004-10-14,S18_1662
10316,3704.13,2004-11-01,S18_1662
10327,2804.75,2004-11-10,S18_1662
10338,5624.79,2004-11-22,S18_1662
10351,3881.28,2004-12-03,S18_1662
10373,1611.4,2005-01-31,S18_1662
10386,1364.25,2005-03-01,S18_1662
10398,4215.09,2005-03-30,S18_1662
10400,6433.82,2005-04-01,S18_1662
10416,4352.16,2005-05-10,S18_1662
10100,5151,2003-01-06,S18_1749
10110,6069,2003-03-18,S18_1749
10124,2856,2003-05-21,S18_1749
10149,5375.4,2003-09-12,S18_1749
10162,5176.5,2003-10-18,S18_1749
10173,3508.8,2003-11-05,S18_1749
10182,7554.8,2003-11-12,S18_1749
10193,3141.6,2003-11-21,S18_1749
10204,5890.5,2003-12-02,S18_1749
10214,5967,2004-01-26,S18_1749
10227,3712.8,2004-03-02,S18_1749
10241,7597.3,2004-04-13,S18_1749
10280,3668.6,2004-08-17,S18_1749
10288,5875.2,2004-09-01,S18_1749
10302,7310,2003-10-06,S18_1749
10312,8078.4,2004-10-21,S18_1749
10331,3257.76,2004-11-17,S18_1749
10344,7650,2004-11-25,S18_1749
10367,4703.81,2005-01-12,S18_1749
10379,5399.55,2005-02-10,S18_1749
10407,14082.8,2005-04-22,S18_1749
10420,5283.6,2005-05-29,S18_1749
10108,3130.82,2003-03-03,S18_1889
10122,3112.34,2003-05-08,S18_1889
10135,3806.88,2003-07-02,S18_1889
10147,2142.14,2003-09-05,S18_1889
10160,3364.9,2003-10-11,S18_1889
10170,1262.8,2003-11-04,S18_1889
10181,1626.24,2003-11-12,S18_1889
10192,4088.7,2003-11-20,S18_1889
10203,3846.15,2003-12-02,S18_1889
10212,1339.8,2004-01-16,S18_1889
10225,3039.96,2004-02-22,S18_1889
10239,3400.32,2004-04-12,S18_1889
10253,1930.39,2004-06-01,S18_1889
10266,2464.77,2004-07-06,S18_1889
10278,2634.94,2004-08-06,S18_1889
10287,3625.16,2004-08-30,S18_1889
10300,3788.4,2003-10-04,S18_1889
10310,1832.6,2004-10-16,S18_1889
10321,2905.98,2004-11-04,S18_1889
10329,2954.81,2004-11-15,S18_1889
10342,3599.75,2004-11-24,S18_1889
10363,3686.54,2005-01-06,S18_1889
10377,2100.56,2005-02-09,S18_1889
10389,3881.78,2005-03-03,S18_1889
10405,4509.12,2005-04-14,S18_1889
10419,3273.27,2005-05-17,S18_1889
10109,4432.7,2003-03-10,S18_1984
10122,4100.99,2003-05-08,S18_1984
10136,5274.72,2003-07-04,S18_1984
10148,4232,2003-09-11,S18_1984
10161,6145.44,2003-10-17,S18_1984
10171,4680.2,2003-11-05,S18_1984
10181,3286.08,2003-11-12,S18_1984
10192,7421.3,2003-11-20,S18_1984
10204,6432.64,2003-12-02,S18_1984
10212,4840.87,2004-01-16,S18_1984
10226,3892.08,2004-02-26,S18_1984
10240,5526.32,2004-04-13,S18_1984
10253,4459.62,2004-06-01,S18_1984
10266,6203.4,2004-07-06,S18_1984
10278,3754.05,2004-08-06,S18_1984
10287,3516.48,2004-08-30,S18_1984
10301,7488.04,2003-10-05,S18_1984
10310,3448.08,2004-10-16,S18_1984
10321,3734,2004-11-04,S18_1984
10331,974.1,2004-11-17,S18_1984
10342,3160.74,2004-11-24,S18_1984
10356,1746.63,2004-12-09,S18_1984
10366,4207.84,2005-01-10,S18_1984
10377,4352.76,2005-02-09,S18_1984
10390,1463.7,2005-03-04,S18_1984
10406,7169.28,2005-04-15,S18_1984
10419,4594.76,2005-05-17,S18_1984
10104,3457.92,2003-01-31,S18_2238
10115,7381.16,2003-04-04,S18_2238
10127,7146.9,2003-06-03,S18_2238
10141,5938.53,2003-08-01,S18_2238
10151,7110.91,2003-09-21,S18_2238
10165,5032.95,2003-10-22,S18_2238
10176,3667.6,2003-11-06,S18_2238
10184,7381.16,2003-11-14,S18_2238
10195,5128.11,2003-11-25,S18_2238
10207,7060.24,2003-12-09,S18_2238
10219,8448.64,2004-02-10,S18_2238
10230,7300.51,2004-03-15,S18_2238
10246,6549.2,2004-05-05,S18_2238
10259,5697.9,2004-06-15,S18_2238
10271,9169,2004-07-20,S18_2238
10282,3238.63,2004-08-20,S18_2238
10292,4554.94,2004-09-08,S18_2238
10305,3934.44,2004-10-13,S18_2238
10314,5776.26,2004-10-22,S18_2238
10324,7207.45,2004-11-05,S18_2238
10336,7460.74,2004-11-20,S18_2238
10349,6719.54,2004-12-01,S18_2238
10358,2428,2004-12-10,S18_2238
10371,2602.25,2005-01-23,S18_2238
10382,2200,2005-02-17,S18_2238
10412,6712.93,2005-05-03,S18_2238
10425,5318.04,2005-05-31,S18_2238
10100,3390,2003-01-06,S18_2248
10110,1608,2003-03-18,S18_2248
10124,2262.96,2003-05-21,S18_2248
10149,1496.64,2003-09-12,S18_2248
10162,1879.74,2003-10-18,S18_2248
10173,1495.26,2003-11-05,S18_2248
10182,2323.7,2003-11-12,S18_2248
10193,2491.86,2003-11-21,S18_2248
10204,1643.12,2003-12-02,S18_2248
10214,1322.16,2004-01-26,S18_2248
10227,1423.8,2004-03-02,S18_2248
10241,2397.45,2004-04-13,S18_2248
10280,1574,2004-08-17,S18_2248
10288,1729,2004-09-01,S18_2248
10303,2255.84,2004-10-06,S18_2248
10312,1834.5,2004-10-21,S18_2248
10332,3201.5,2004-11-17,S18_2248
10344,2276.4,2004-11-25,S18_2248
10367,8884.8,2005-01-12,S18_2248
10379,1331.1,2005-02-10,S18_2248
10407,3051.3,2005-04-22,S18_2248
10420,2288.52,2005-05-29,S18_2248
10104,3772.61,2003-01-31,S18_2319
10114,4164.42,2003-04-01,S18_2319
10127,6295.95,2003-06-03,S18_2319
10141,6287.66,2003-08-01,S18_2319
10151,5412.54,2003-09-21,S18_2319
10165,5984.14,2003-10-22,S18_2319
10175,5891.04,2003-11-06,S18_2319
10184,5984.14,2003-11-14,S18_2319
10195,3608.15,2003-11-25,S18_2319
10207,5752.54,2003-12-09,S18_2319
10229,3765.32,2004-03-11,S18_2319
10246,2159.96,2004-05-05,S18_2319
10259,3379.94,2004-06-15,S18_2319
10271,5093.5,2004-07-20,S18_2319
10281,5773.44,2004-08-19,S18_2319
10292,4528.86,2004-09-08,S18_2319
10305,4816.08,2004-10-13,S18_2319
10313,3416.78,2004-10-22,S18_2319
10324,1236.84,2004-11-05,S18_2319
10334,5814.86,2004-11-19,S18_2319
10349,5223.48,2004-12-01,S18_2319
10358,728.4,2004-12-10,S18_2319
10370,3949,2005-01-20,S18_2319
10383,3843.99,2005-02-22,S18_2319
10412,5498.08,2005-05-03,S18_2319
10425,3777.58,2005-05-31,S18_2319
10101,3782,2003-01-09,S18_2325
10110,3859.68,2003-03-18,S18_2325
10124,4431.84,2003-05-21,S18_2325
10149,4950.33,2003-09-12,S18_2325
10162,4299.7,2003-10-18,S18_2325
10173,4492.83,2003-11-05,S18_2325
10182,2212,2003-11-12,S18_2325
10193,4642.88,2003-11-21,S18_2325
10204,3206.32,2003-12-02,S18_2325
10214,3604.23,2004-01-26,S18_2325
10227,7017.76,2004-03-02,S18_2325
10243,6154.18,2004-04-26,S18_2325
10280,4750.8,2004-08-17,S18_2325
10288,3822.92,2004-09-01,S18_2325
10304,2440.8,2004-10-11,S18_2325
10312,4729.36,2004-10-21,S18_2325
10322,12536.5,2004-11-04,S18_2325
10332,2264.15,2004-11-17,S18_2325
10344,3928.2,2004-11-25,S18_2325
10356,3630.22,2004-12-09,S18_2325
10367,4196.07,2005-01-12,S18_2325
10380,4931.6,2005-02-16,S18_2325
10390,3068.69,2005-03-04,S18_2325
10409,785.64,2005-04-23,S18_2325
10420,4977,2005-05-29,S18_2325
10103,1189.98,2003-01-29,S18_2432
10114,3090.15,2003-04-01,S18_2432
10126,2795.86,2003-05-28,S18_2432
10140,2851.54,2003-07-24,S18_2432
10151,2701.92,2003-09-21,S18_2432
10165,2204.1,2003-10-22,S18_2432
10175,2840.48,2003-11-06,S18_2432
10184,2647.04,2003-11-14,S18_2432
10194,3172.05,2003-11-25,S18_2432
10207,2585.93,2003-12-09,S18_2432
10217,2148.3,2004-02-04,S18_2432
10229,1667.4,2004-03-11,S18_2432
10246,1859.7,2004-05-05,S18_2432
10259,1476.6,2004-06-15,S18_2432
10271,1732,2004-07-20,S18_2432
10281,1674.17,2004-08-19,S18_2432
10291,1500.98,2004-09-08,S18_2432
10305,2192.68,2004-10-13,S18_2432
10313,1797.58,2004-10-22,S18_2432
10322,2142.35,2004-11-04,S18_2432
10334,2086.92,2004-11-19,S18_2432
10347,6834.5,2004-11-29,S18_2432
10357,2541.59,2004-12-10,S18_2432
10370,2130.92,2005-01-20,S18_2432
10381,1701.7,2005-02-17,S18_2432
10391,1694,2005-03-09,S18_2432
10412,2913.53,2005-05-03,S18_2432
10425,935.18,2005-05-31,S18_2432
10106,3073.26,2003-02-17,S18_2581
10120,2082.49,2003-04-29,S18_2581
10133,3394.23,2003-06-27,S18_2581
10145,2559.6,2003-08-25,S18_2581
10168,1490.16,2003-10-28,S18_2581
10210,3844,2004-01-12,S18_2581
10223,4724.91,2004-02-20,S18_2581
10235,1824.72,2004-04-02,S18_2581
10250,2668.68,2004-05-11,S18_2581
10263,2843.61,2004-06-28,S18_2581
10275,3163.65,2004-07-23,S18_2581
10284,2226.11,2004-08-21,S18_2581
10297,2069.75,2004-09-16,S18_2581
10308,2235.33,2004-10-15,S18_2581
10318,3116.43,2004-11-02,S18_2581
10327,4781.7,2004-11-10,S18_2581
10339,2810.7,2004-11-23,S18_2581
10353,3515.67,2004-12-04,S18_2581
10374,2909.34,2005-02-02,S18_2581
10386,1570.17,2005-03-01,S18_2581
10398,2613.92,2005-03-30,S18_2581
10401,3193.26,2005-04-03,S18_2581
10416,1482.6,2005-05-10,S18_2581
10107,2055.23,2003-02-24,S18_2625
10120,2674.9,2003-04-29,S18_2625
10134,1853.4,2003-07-01,S18_2625
10145,1490.1,2003-08-25,S18_2625
10159,2162.16,2003-10-10,S18_2625
10168,2814.28,2003-10-28,S18_2625
10180,1605,2003-11-11,S18_2625
10188,2093.44,2003-11-18,S18_2625
10201,1944.3,2003-12-01,S18_2625
10210,1986.8,2004-01-12,S18_2625
10223,1695.96,2004-02-20,S18_2625
10236,1281.56,2004-04-03,S18_2625
10251,1774.22,2004-05-18,S18_2625
10263,1997.5,2004-06-28,S18_2625
10275,2353.2,2004-07-23,S18_2625
10285,981.2,2004-08-27,S18_2625
10298,1550.72,2004-09-27,S18_2625
10308,1771.06,2004-10-15,S18_2625
10318,2213.4,2004-11-02,S18_2625
10329,5266.04,2004-11-15,S18_2625
10339,1864.8,2004-11-23,S18_2625
10362,1142.41,2005-01-05,S18_2625
10374,1172.6,2005-02-02,S18_2625
10389,6981,2005-03-03,S18_2625
10402,3064.6,2005-04-07,S18_2625
10417,2202.48,2005-05-13,S18_2625
10101,3773.38,2003-01-09,S18_2795
10110,5074.39,2003-03-18,S18_2795
10125,6483.46,2003-05-21,S18_2795
10139,7956.46,2003-07-16,S18_2795
10149,4230.62,2003-09-12,S18_2795
10162,7209.12,2003-10-18,S18_2795
10173,3452.68,2003-11-05,S18_2795
10182,3047.73,2003-11-12,S18_2795
10193,3675.32,2003-11-21,S18_2795
10205,7492.4,2003-12-03,S18_2795
10214,9534.5,2004-01-26,S18_2795
10227,5579.02,2004-03-02,S18_2795
10244,5950.34,2004-04-29,S18_2795
10255,3726,2004-06-04,S18_2795
10280,4455,2004-08-17,S18_2795
10289,8272.34,2004-09-03,S18_2795
10304,3577.6,2004-10-11,S18_2795
10312,3881.25,2004-10-21,S18_2795
10322,5797.44,2004-11-04,S18_2795
10332,1264.08,2004-11-17,S18_2795
10347,4815.3,2004-11-29,S18_2795
10356,4462.2,2004-12-09,S18_2795
10367,3033.28,2005-01-12,S18_2795
10380,990.78,2005-02-16,S18_2795
10390,2030.86,2005-03-04,S18_2795
10421,5433.75,2005-05-29,S18_2795
10109,3157.44,2003-03-10,S18_2870
10123,5161.2,2003-05-20,S18_2870
10137,4346.76,2003-07-10,S18_2870
10148,3528.36,2003-09-11,S18_2870
10161,3187.8,2003-10-17,S18_2870
10172,6023.16,2003-11-05,S18_2870
10181,3884.76,2003-11-12,S18_2870
10192,4965.84,2003-11-20,S18_2870
10204,4169.88,2003-12-02,S18_2870
10212,4910.4,2004-01-16,S18_2870
10226,3231.36,2004-02-26,S18_2870
10241,6853.44,2004-04-13,S18_2870
10253,5177.04,2004-06-01,S18_2870
10266,2824.8,2004-07-06,S18_2870
10278,4324.32,2004-08-06,S18_2870
10287,5052.96,2004-08-30,S18_2870
10301,3223.44,2003-10-05,S18_2870
10311,5278.68,2004-10-16,S18_2870
10321,2851.2,2004-11-04,S18_2870
10331,1687.4,2004-11-17,S18_2870
10343,1308,2004-11-24,S18_2870
10366,6144.6,2005-01-10,S18_2870
10379,5127.2,2005-02-10,S18_2870
10407,6386.16,2005-04-22,S18_2870
10419,7695.6,2005-05-17,S18_2870
10103,2242.89,2003-01-29,S18_2949
10112,2539.89,2003-03-24,S18_2949
10126,2795.27,2003-05-28,S18_2949
10139,5545.76,2003-07-16,S18_2949
10150,4285.46,2003-09-19,S18_2949
10163,3329.09,2003-10-20,S18_2949
10174,5592.22,2003-11-06,S18_2949
10183,3298.55,2003-11-13,S18_2949
10193,2609.88,2003-11-21,S18_2949
10206,3336.29,2003-12-05,S18_2949
10215,5510.05,2004-01-29,S18_2949
10228,2504.4,2004-03-10,S18_2949
10244,3525.6,2004-04-29,S18_2949
10257,4407,2004-06-14,S18_2949
10270,2983.44,2004-07-19,S18_2949
10280,5126.24,2004-08-17,S18_2949
10291,5713.79,2004-09-08,S18_2949
10304,4613.8,2004-10-11,S18_2949
10312,3711.1,2004-10-21,S18_2949
10322,3524.73,2004-11-04,S18_2949
10333,2795.27,2004-11-18,S18_2949
10347,4814.4,2004-11-29,S18_2949
10357,3572.33,2004-12-10,S18_2949
10369,4581.36,2005-01-20,S18_2949
10381,4319.76,2005-02-17,S18_2949
10391,1448,2005-03-09,S18_2949
10423,881.4,2005-05-30,S18_2949
10103,2011.1,2003-01-29,S18_2957
10111,1801.24,2003-03-25,S18_2957
10126,3390.2,2003-05-28,S18_2957
10139,1424,2003-07-16,S18_2957
10150,1499.1,2003-09-19,S18_2957
10163,3358.08,2003-10-20,S18_2957
10173,1504.16,2003-11-05,S18_2957
10183,2655.12,2003-11-13,S18_2957
10193,1244.16,2003-11-21,S18_2957
10206,1888.88,2003-12-05,S18_2957
10215,1820.01,2004-01-29,S18_2957
10228,2866.95,2004-03-10,S18_2957
10244,1394.16,2004-04-29,S18_2957
10257,2632.28,2004-06-14,S18_2957
10269,2018.56,2004-07-16,S18_2957
10280,2954.53,2004-08-17,S18_2957
10291,1871.83,2004-09-08,S18_2957
10304,1559.04,2004-10-11,S18_2957
10312,1880.2,2004-10-21,S18_2957
10322,1224.67,2004-11-04,S18_2957
10332,2979.08,2004-11-17,S18_2957
10347,2208.64,2004-11-29,S18_2957
10357,3458.42,2004-12-10,S18_2957
10369,1237.88,2005-01-20,S18_2957
10381,2723.2,2005-02-17,S18_2957
10392,2218.52,2005-03-10,S18_2957
10423,1665.32,2005-05-30,S18_2957
10106,3421.04,2003-02-17,S18_3029
10119,1878.66,2003-04-28,S18_3029
10130,3853.6,2003-06-16,S18_3029
10143,3442.64,2003-08-10,S18_3029
10155,3482.16,2003-10-06,S18_3029
10167,3363.52,2003-10-23,S18_3029
10178,3350.52,2003-11-08,S18_3029
10186,2862.72,2003-11-14,S18_3029
10197,4036.04,2003-11-26,S18_3029
10209,2817.92,2004-01-09,S18_3029
10222,4636.38,2004-02-19,S18_3029
10248,1553.58,2004-05-07,S18_3029
10262,2697.6,2004-06-24,S18_3029
10273,3334.04,2004-07-21,S18_3029
10283,2059.26,2004-08-20,S18_3029
10296,2023.14,2004-09-15,S18_3029
10307,2586.64,2004-10-14,S18_3029
10316,1987.02,2004-11-01,S18_3029
10327,1146.5,2004-11-10,S18_3029
10338,2312.24,2004-11-22,S18_3029
10350,2793.71,2004-12-02,S18_3029
10373,1908.28,2005-01-31,S18_3029
10386,3441.37,2005-03-01,S18_3029
10398,2023.28,2005-03-30,S18_3029
10400,2245.2,2005-04-01,S18_3029
10414,3255.12,2005-05-06,S18_3029
10103,2539.5,2003-01-29,S18_3136
10111,4818.15,2003-03-25,S18_3136
10126,2921.7,2003-05-28,S18_3136
10139,1801.2,2003-07-16,S18_3136
10150,2804.36,2003-09-19,S18_3136
10163,4900.8,2003-10-20,S18_3136
10173,2759.31,2003-11-05,S18_3136
10183,2488.2,2003-11-13,S18_3136
10193,2769.89,2003-11-21,S18_3136
10206,3581.4,2003-12-05,S18_3136
10215,5285.14,2004-01-29,S18_3136
10228,3181.53,2004-03-10,S18_3136
10244,3340.51,2004-04-29,S18_3136
10257,3138.34,2004-06-14,S18_3136
10270,4775.08,2004-07-19,S18_3136
10280,3006.43,2004-08-17,S18_3136
10291,2866.26,2004-09-08,S18_3136
10304,2232.62,2004-10-11,S18_3136
10312,4457.02,2004-10-21,S18_3136
10322,2257.92,2004-11-04,S18_3136
10332,1592,2004-11-17,S18_3136
10347,4948.2,2004-11-29,S18_3136
10357,5160.76,2004-12-10,S18_3136
10369,1978.62,2005-01-20,S18_3136
10381,4288.2,2005-02-17,S18_3136
10392,2520.68,2005-03-10,S18_3136
10423,1781.22,2005-05-30,S18_3136
10105,3065.04,2003-02-11,S18_3140
10117,3551.34,2003-04-16,S18_3140
10128,5544.02,2003-06-06,S18_3140
10142,6034.33,2003-08-08,S18_3140
10153,3641.57,2003-09-28,S18_3140
10166,6930.74,2003-10-21,S18_3140
10177,3675.63,2003-11-07,S18_3140
10185,3442.04,2003-11-14,S18_3140
10196,6893.81,2003-11-26,S18_3140
10208,2622.48,2004-01-02,S18_3140
10221,4417.38,2004-02-18,S18_3140
10232,3606.02,2004-03-20,S18_3140
10248,3802.56,2004-05-07,S18_3140
10273,5026.4,2004-07-21,S18_3140
10282,6695.53,2004-08-20,S18_3140
10293,2819.28,2004-09-09,S18_3140
10306,3759.04,2004-10-14,S18_3140
10314,2731.8,2004-10-22,S18_3140
10325,1658.88,2004-11-05,S18_3140
10336,5778.24,2004-11-20,S18_3140
10350,5191.12,2004-12-02,S18_3140
10372,3862.88,2005-01-26,S18_3140
10383,1476.48,2005-02-22,S18_3140
10396,5273.73,2005-03-23,S18_3140
10414,4872.03,2005-05-06,S18_3140
10104,4556.99,2003-01-31,S18_3232
10109,8257,2003-03-10,S18_3232
10114,8209.44,2003-04-01,S18_3232
10122,3598.5,2003-05-08,S18_3232
10127,3837.24,2003-06-03,S18_3232
10136,8331.61,2003-07-04,S18_3232
10141,4836.5,2003-08-01,S18_3232
10148,5418.88,2003-09-11,S18_3232
10151,3734.01,2003-09-21,S18_3232
10160,3996.4,2003-10-11,S18_3232
10165,8754.69,2003-10-22,S18_3232
10171,5481.45,2003-11-05,S18_3232
10175,4419.89,2003-11-06,S18_3232
10181,6324.75,2003-11-12,S18_3232
10184,4409.72,2003-11-14,S18_3232
10192,3918.46,2003-11-20,S18_3232
10195,7620.5,2003-11-25,S18_3232
10203,8291.04,2003-12-02,S18_3232
10207,3937.25,2003-12-09,S18_3232
10212,5554.4,2004-01-16,S18_3232
10225,6407.86,2004-02-22,S18_3232
10229,4172.52,2004-03-11,S18_3232
10239,7083.37,2004-04-12,S18_3232
10246,7132.68,2004-05-05,S18_3232
10253,6773.6,2004-06-01,S18_3232
10259,3657.69,2004-06-15,S18_3232
10266,4812.55,2004-07-06,S18_3232
10271,3928.6,2004-07-20,S18_3232
10278,6401.22,2004-08-06,S18_3232
10281,4191.25,2004-08-19,S18_3232
10287,5852.52,2004-08-30,S18_3232
10292,2844.87,2004-09-08,S18_3232
10301,4011.66,2003-10-05,S18_3232
10305,7455.87,2004-10-13,S18_3232
10310,8940.96,2004-10-16,S18_3232
10313,4572.25,2004-10-22,S18_3232
10321,5700.09,2004-11-04,S18_3232
10324,3155.49,2004-11-05,S18_3232
10331,4170.69,2004-11-17,S18_3232
10334,2878.8,2004-11-19,S18_3232
10342,5029.5,2004-11-24,S18_3232
10349,7396.8,2004-12-01,S18_3232
10358,2991.68,2004-12-10,S18_3232
10366,6275.72,2005-01-10,S18_3232
10370,1534.95,2005-01-20,S18_3232
10377,7264.53,2005-02-09,S18_3232
10383,6869.05,2005-02-22,S18_3232
10394,3353.02,2005-03-15,S18_3232
10405,8289.05,2005-04-14,S18_3232
10412,11887.8,2005-05-03,S18_3232
10419,5926.9,2005-05-17,S18_3232
10425,3793.16,2005-05-31,S18_3232
10105,4330.1,2003-02-11,S18_3259
10117,2011.8,2003-04-16,S18_3259
10128,4837.18,2003-06-06,S18_3259
10142,2151.82,2003-08-08,S18_3259
10153,2573.46,2003-09-28,S18_3259
10165,5344.5,2003-10-22,S18_3259
10177,3070.52,2003-11-07,S18_3259
10185,3952.83,2003-11-14,S18_3259
10196,3564.75,2003-11-26,S18_3259
10208,5614.56,2004-01-02,S18_3259
10221,1855.41,2004-02-18,S18_3259
10232,4598.4,2004-03-20,S18_3259
10248,5082.42,2004-05-07,S18_3259
10273,5450.59,2004-07-21,S18_3259
10282,4174.92,2004-08-20,S18_3259
10293,2418.24,2004-09-09,S18_3259
10306,3670.4,2004-10-14,S18_3259
10314,2481.7,2004-10-22,S18_3259
10326,3807.68,2004-11-09,S18_3259
10336,2230.41,2004-11-20,S18_3259
10350,3814.64,2004-12-02,S18_3259
10372,2117.75,2005-01-26,S18_3259
10383,3340.48,2005-02-22,S18_3259
10396,2154,2005-03-23,S18_3259
10414,5808.48,2005-05-06,S18_3259
10108,1777.1,2003-03-03,S18_3278
10122,1536.57,2003-05-08,S18_3278
10135,3510,2003-07-02,S18_3278
10147,3097.44,2003-09-05,S18_3278
10159,1705.41,2003-10-10,S18_3278
10169,2264.32,2003-11-04,S18_3278
10181,2484.6,2003-11-12,S18_3278
10191,3415.68,2003-11-20,S18_3278
10203,2839.32,2003-12-02,S18_3278
10211,2730,2004-01-15,S18_3278
10225,3540.53,2004-02-22,S18_3278
10238,2999.97,2004-04-09,S18_3278
10252,1527.8,2004-05-26,S18_3278
10265,3907.8,2004-07-02,S18_3278
10276,2658.48,2004-08-02,S18_3278
10287,3042.68,2004-08-30,S18_3278
10300,3861.2,2003-10-04,S18_3278
10310,2171.07,2004-10-16,S18_3278
10319,3403.08,2004-11-03,S18_3278
10329,2245.8,2004-11-15,S18_3278
10342,1668.5,2004-11-24,S18_3278
10363,2773.8,2005-01-06,S18_3278
10378,2464,2005-02-10,S18_3278
10390,5491.6,2005-03-04,S18_3278
10103,4791.82,2003-01-29,S18_3320
10111,4178.85,2003-03-25,S18_3320
10126,3128.92,2003-05-28,S18_3320
10139,3095.4,2003-07-16,S18_3320
10149,3958.5,2003-09-12,S18_3320
10163,4991.44,2003-10-20,S18_3320
10173,2761.96,2003-11-05,S18_3320
10182,2848.23,2003-11-12,S18_3320
10193,2539.84,2003-11-21,S18_3320
10206,2444.4,2003-12-05,S18_3320
10215,4555.92,2004-01-29,S18_3320
10227,3666.96,2004-03-02,S18_3320
10244,3035.88,2004-04-29,S18_3320
10257,2321.54,2004-06-14,S18_3320
10280,3474.46,2004-08-17,S18_3320
10290,2501.98,2004-09-07,S18_3320
10304,3958.46,2004-10-11,S18_3320
10312,3535.95,2004-10-21,S18_3320
10323,3011.91,2004-11-05,S18_3320
10333,11336.7,2004-11-18,S18_3320
10347,2656.94,2004-11-29,S18_3320
10357,2604.25,2004-12-10,S18_3320
10369,3288.6,2005-01-20,S18_3320
10382,8935.5,2005-02-17,S18_3320
10392,4035.96,2005-03-10,S18_3320
10423,1875.09,2005-05-30,S18_3320
10108,4049.56,2003-03-03,S18_3482
10122,2469.39,2003-05-08,S18_3482
10135,5432.7,2003-07-02,S18_3482
10147,4405.22,2003-09-05,S18_3482
10159,3638,2003-10-10,S18_3482
10169,4444.92,2003-11-04,S18_3482
10181,3395.48,2003-11-12,S18_3482
10191,3414.58,2003-11-20,S18_3482
10203,5127.04,2003-12-02,S18_3482
10211,3745.28,2004-01-15,S18_3482
10225,4564.08,2004-02-22,S18_3482
10238,6554.24,2004-04-09,S18_3482
10252,6749.83,2004-05-26,S18_3482
10265,8427.02,2004-07-02,S18_3482
10276,3924.6,2004-08-02,S18_3482
10287,6761.6,2004-08-30,S18_3482
10300,3786.49,2003-10-04,S18_3482
10310,6266.12,2004-10-16,S18_3482
10320,3491,2004-11-03,S18_3482
10330,4405.22,2004-11-16,S18_3482
10342,6548.3,2004-11-24,S18_3482
10355,3177.91,2004-12-07,S18_3482
10363,4142.64,2005-01-06,S18_3482
10378,4149.07,2005-02-10,S18_3482
10390,7397,2005-03-04,S18_3482
10109,6241.6,2003-03-10,S18_3685
10123,5331.88,2003-05-20,S18_3685
10137,5124.3,2003-07-10,S18_3685
10148,3639.44,2003-09-11,S18_3685
10161,5544,2003-10-17,S18_3685
10172,5493.12,2003-11-05,S18_3685
10181,5785.26,2003-11-12,S18_3685
10192,5340.6,2003-11-20,S18_3685
10204,5735.8,2003-12-02,S18_3685
10212,6357.6,2004-01-16,S18_3685
10226,7343.9,2004-02-26,S18_3685
10240,5959.22,2004-04-13,S18_3685
10253,4029.38,2004-06-01,S18_3685
10266,5035.14,2004-07-06,S18_3685
10278,4116.8,2004-08-06,S18_3685
10287,4310.55,2004-08-30,S18_3685
10301,6446.7,2003-10-05,S18_3685
10311,3616.64,2004-10-16,S18_3685
10321,4232.76,2004-11-04,S18_3685
10331,1765.66,2004-11-17,S18_3685
10343,3734.72,2004-11-24,S18_3685
10367,4808.38,2005-01-12,S18_3685
10379,2266.56,2005-02-10,S18_3685
10406,10468.9,2005-04-15,S18_3685
10419,5589.14,2005-05-17,S18_3685
10108,2914.11,2003-03-03,S18_3782
10122,1740.9,2003-05-08,S18_3782
10135,2266.2,2003-07-02,S18_3782
10146,3155.58,2003-09-03,S18_3782
10159,1357.86,2003-10-10,S18_3782
10169,2598.82,2003-11-04,S18_3782
10180,1057.56,2003-11-11,S18_3782
10191,3127.82,2003-11-20,S18_3782
10211,2488.14,2004-01-15,S18_3782
10224,2220.72,2004-02-21,S18_3782
10237,1357.72,2004-04-05,S18_3782
10252,1638.04,2004-05-26,S18_3782
10264,2626.08,2004-06-30,S18_3782
10276,1661.88,2004-08-02,S18_3782
10286,2173.6,2004-08-28,S18_3782
10299,2182.05,2004-09-30,S18_3782
10310,2819.88,2004-10-16,S18_3782
10319,2598.64,2004-11-03,S18_3782
10330,2019.27,2004-11-16,S18_3782
10342,1454.7,2004-11-24,S18_3782
10355,1657.57,2004-12-07,S18_3782
10363,2851.84,2005-01-06,S18_3782
10378,4609.64,2005-02-10,S18_3782
10390,5079.96,2005-03-04,S18_3782
10403,1879.92,2005-04-08,S18_3782
10106,4774.86,2003-02-17,S18_3856
10119,2687.04,2003-04-28,S18_3856
10130,3423.75,2003-06-16,S18_3856
10143,3455.76,2003-08-10,S18_3856
10155,3622.97,2003-10-06,S18_3856
10167,3599.58,2003-10-23,S18_3856
10178,5386.56,2003-11-08,S18_3856
10186,4918.78,2003-11-14,S18_3856
10197,2538.8,2003-11-26,S18_3856
10209,2498.6,2004-01-09,S18_3856
10222,3858.75,2004-02-19,S18_3856
10249,5600.5,2004-05-08,S18_3856
10262,4103.46,2004-06-24,S18_3856
10273,4287.5,2004-07-21,S18_3856
10283,5795.54,2004-08-20,S18_3856
10296,1863.4,2004-09-15,S18_3856
10307,4166.88,2004-10-14,S18_3856
10316,4080.07,2004-11-01,S18_3856
10328,3815.48,2004-11-12,S18_3856
10338,5526.45,2004-11-22,S18_3856
10351,3374.6,2004-12-03,S18_3856
10373,3024.5,2005-01-31,S18_3856
10386,1266.1,2005-03-01,S18_3856
10398,4811.85,2005-03-30,S18_3856
10400,7307.42,2005-04-01,S18_3856
10415,6209.25,2005-05-09,S18_3856
10104,5348.5,2003-01-31,S18_4027
10117,2780.58,2003-04-16,S18_4027
10127,3447,2003-06-03,S18_4027
10142,3791.52,2003-08-08,S18_4027
10152,4524.1,2003-09-25,S18_4027
10165,3337.6,2003-10-22,S18_4027
10176,5532.12,2003-11-06,S18_4027
10185,5096.91,2003-11-14,S18_4027
10196,4537.08,2003-11-26,S18_4027
10207,6146.8,2003-12-09,S18_4027
10220,8258,2004-02-12,S18_4027
10230,7238.28,2004-03-15,S18_4027
10247,6756,2004-05-05,S18_4027
10272,3734,2004-07-20,S18_4027
10282,4674.8,2004-08-20,S18_4027
10292,7140.76,2004-09-08,S18_4027
10306,3600.65,2004-10-14,S18_4027
10314,4206.74,2004-10-22,S18_4027
10324,5379.71,2004-11-05,S18_4027
10337,5679.36,2004-11-21,S18_4027
10349,4394.84,2004-12-01,S18_4027
10358,2528.25,2004-12-10,S18_4027
10372,7031.52,2005-01-26,S18_4027
10383,5340.9,2005-02-22,S18_4027
10394,6376.58,2005-03-15,S18_4027
10413,6896.75,2005-05-05,S18_4027
10100,1903.22,2003-01-06,S18_4409
10110,2499.56,2003-03-18,S18_4409
10124,3081.24,2003-05-21,S18_4409
10148,3598.22,2003-09-11,S18_4409
10162,3912.09,2003-10-18,S18_4409
10173,1584.66,2003-11-05,S18_4409
10182,3942.72,2003-11-12,S18_4409
10193,2341.2,2003-11-21,S18_4409
10204,2482.11,2003-12-02,S18_4409
10213,3602.02,2004-01-22,S18_4409
10227,3566.94,2004-03-02,S18_4409
10241,3787.98,2004-04-13,S18_4409
10280,3704.05,2004-08-17,S18_4409
10288,2834.65,2004-09-01,S18_4409
10302,3392.26,2003-10-06,S18_4409
10311,3358.31,2004-10-16,S18_4409
10332,7310,2004-11-17,S18_4409
10344,2203.11,2004-11-25,S18_4409
10367,2696.96,2005-01-12,S18_4409
10380,3376.64,2005-02-16,S18_4409
10407,541.14,2005-04-22,S18_4409
10420,6134.7,2005-05-29,S18_4409
10105,3382.5,2003-02-11,S18_4522
10117,2240.66,2003-04-16,S18_4522
10128,3962.88,2003-06-06,S18_4522
10142,1685.28,2003-08-08,S18_4522
10153,1834.36,2003-09-28,S18_4522
10166,1916.98,2003-10-21,S18_4522
10177,2611,2003-11-07,S18_4522
10185,3630.28,2003-11-14,S18_4522
10197,5090.5,2003-11-26,S18_4522
10208,3949.65,2004-01-02,S18_4522
10221,3491.67,2004-02-18,S18_4522
10232,2059.19,2004-03-20,S18_4522
10248,3170.16,2004-05-07,S18_4522
10261,1790.6,2004-06-17,S18_4522
10273,2345.97,2004-07-21,S18_4522
10283,3580.88,2004-08-20,S18_4522
10293,4946.06,2004-09-09,S18_4522
10306,3525.6,2004-10-14,S18_4522
10315,3602.16,2004-10-29,S18_4522
10326,4300.5,2004-11-09,S18_4522
10337,4498.19,2004-11-21,S18_4522
10350,3023.1,2004-12-02,S18_4522
10372,3562.49,2005-01-26,S18_4522
10383,1640.24,2005-02-22,S18_4522
10396,4739.4,2005-03-23,S18_4522
10414,1207.68,2005-05-06,S18_4522
10103,4228.2,2003-01-29,S18_4600
10114,4815.45,2003-04-01,S18_4600
10126,7083,2003-05-28,S18_4600
10140,4601.2,2003-07-24,S18_4600
10150,6467.02,2003-09-19,S18_4600
10164,5012.55,2003-10-21,S18_4600
10175,5121.59,2003-11-06,S18_4600
10183,2441.04,2003-11-13,S18_4600
10194,4262.08,2003-11-25,S18_4600
10207,6658.02,2003-12-09,S18_4600
10217,4509.08,2004-02-04,S18_4600
10229,4716.23,2004-03-11,S18_4600
10245,2390.22,2004-05-04,S18_4600
10259,4666.62,2004-06-15,S18_4600
10270,5383.08,2004-07-19,S18_4600
10281,2482.25,2004-08-19,S18_4600
10291,5288.64,2004-09-08,S18_4600
10305,2184.38,2004-10-13,S18_4600
10313,2881.76,2004-10-22,S18_4600
10323,6203.06,2004-11-05,S18_4600
10334,6763.47,2004-11-19,S18_4600
10347,5884.65,2004-11-29,S18_4600
10357,3559.64,2004-12-10,S18_4600
10370,1668.37,2005-01-20,S18_4600
10382,4890.6,2005-02-17,S18_4600
10411,5235.72,2005-05-01,S18_4600
10425,4325.16,2005-05-31,S18_4600
10103,1938.89,2003-01-29,S18_4668
10113,2490.5,2003-03-26,S18_4668
10126,2314.69,2003-05-28,S18_4668
10140,1254.83,2003-07-24,S18_4668
10150,1282.8,2003-09-19,S18_4668
10164,1345.75,2003-10-21,S18_4668
10174,2194.22,2003-11-06,S18_4668
10183,1972,2003-11-13,S18_4668
10194,1835.98,2003-11-25,S18_4668
10206,1119.93,2003-12-05,S18_4668
10215,2082.88,2004-01-29,S18_4668
10229,1569.75,2004-03-11,S18_4668
10245,2694.15,2004-05-04,S18_4668
10258,1257.27,2004-06-15,S18_4668
10270,2567.84,2004-07-19,S18_4668
10281,2634.28,2004-08-19,S18_4668
10291,1502.78,2004-09-08,S18_4668
10304,1676.2,2004-10-11,S18_4668
10312,2217.15,2004-10-21,S18_4668
10324,6832.02,2004-11-05,S18_4668
10333,1916.64,2004-11-18,S18_4668
10348,7110.8,2004-11-01,S18_4668
10358,5302.8,2004-12-10,S18_4668
10370,2730,2005-01-20,S18_4668
10382,7827.3,2005-02-17,S18_4668
10411,2095.45,2005-05-01,S18_4668
10424,1556.62,2005-05-31,S18_4668
10108,5565.12,2003-03-03,S18_4721
10122,3583.16,2003-05-08,S18_4721
10135,4705.18,2003-07-02,S18_4721
10146,4444.54,2003-09-03,S18_4721
10159,4618.88,2003-10-10,S18_4721
10169,4910.4,2003-11-04,S18_4721
10180,5565.12,2003-11-11,S18_4721
10191,4237.76,2003-11-20,S18_4721
10211,5673.58,2004-01-15,S18_4721
10225,5260.15,2004-02-22,S18_4721
10238,6350.96,2004-04-09,S18_4721
10252,3559.4,2004-05-26,S18_4721
10264,2410.6,2004-06-30,S18_4721
10276,5713.92,2004-08-02,S18_4721
10287,4300.32,2004-08-30,S18_4721
10299,7947.31,2004-09-30,S18_4721
10310,5356.8,2004-10-16,S18_4721
10319,7901.1,2004-11-03,S18_4721
10330,6101,2004-11-16,S18_4721
10342,6276.46,2004-11-24,S18_4721
10355,4203.5,2004-12-07,S18_4721
10363,1629.04,2005-01-06,S18_4721
10378,3289.86,2005-02-10,S18_4721
10390,6862.94,2005-03-04,S18_4721
10110,2574.18,2003-03-18,S18_4933
10124,1327.79,2003-05-21,S18_4933
10148,2356.25,2003-09-11,S18_4933
10161,2013.5,2003-10-17,S18_4933
10173,2807.22,2003-11-05,S18_4933
10182,3072.96,2003-11-12,S18_4933
10193,1906.5,2003-11-21,S18_4933
10204,3431.7,2003-12-02,S18_4933
10213,2084.75,2004-01-22,S18_4933
10227,2136.01,2004-03-02,S18_4933
10241,2009.7,2004-04-13,S18_4933
10267,2719.8,2004-07-07,S18_4933
10279,1575.08,2004-08-09,S18_4933
10288,1688.43,2004-09-01,S18_4933
10302,1672.1,2003-10-06,S18_4933
10311,1674.75,2004-10-16,S18_4933
10332,3472.98,2004-11-17,S18_4933
10344,1649.18,2004-11-25,S18_4933
10367,3751,2005-01-12,S18_4933
10380,4536,2005-02-16,S18_4933
10407,4421.34,2005-04-22,S18_4933
10420,2078.28,2005-05-29,S18_4933
10110,3069,2003-03-18,S24_1046
10124,1713.8,2003-05-21,S24_1046
10148,1506.5,2003-09-11,S24_1046
10161,2692.12,2003-10-17,S24_1046
10172,2422.08,2003-11-05,S24_1046
10182,3488.34,2003-11-12,S24_1046
10192,2583.34,2003-11-20,S24_1046
10204,1249.4,2003-12-02,S24_1046
10212,3374.71,2004-01-16,S24_1046
10226,1265.46,2004-02-26,S24_1046
10241,1681.46,2004-04-13,S24_1046
10267,3204,2004-07-07,S24_1046
10279,2398.72,2004-08-09,S24_1046
10288,2381.04,2004-09-01,S24_1046
10301,1944.54,2003-10-05,S24_1046
10311,2273.7,2004-10-16,S24_1046
10321,2116.5,2004-11-04,S24_1046
10332,1307.32,2004-11-17,S24_1046
10344,1726.37,2004-11-25,S24_1046
10367,1267.77,2005-01-12,S24_1046
10380,3441.82,2005-02-16,S24_1046
10407,1987.18,2005-04-22,S24_1046
10420,3880.2,2005-05-29,S24_1046
10104,1942.15,2003-01-31,S24_1444
10115,3259.92,2003-04-04,S24_1444
10127,1213.8,2003-06-03,S24_1444
10141,1086.6,2003-08-01,S24_1444
10152,1632.75,2003-09-25,S24_1444
10165,1734,2003-10-22,S24_1444
10176,1857.06,2003-11-06,S24_1444
10184,1863.41,2003-11-14,S24_1444
10195,2924.68,2003-11-25,S24_1444
10207,2294.18,2003-12-09,S24_1444
10220,1457.82,2004-02-12,S24_1444
10230,1955.88,2004-03-15,S24_1444
10246,2314.4,2004-05-05,S24_1444
10259,1310.96,2004-06-15,S24_1444
10271,2913.3,2004-07-20,S24_1444
10282,1357.78,2004-08-20,S24_1444
10292,2150,2004-09-08,S24_1444
10305,2783.25,2004-10-13,S24_1444
10314,2339.92,2004-10-22,S24_1444
10324,1729,2004-11-05,S24_1444
10336,5972.4,2004-11-20,S24_1444
10349,2275.2,2004-12-01,S24_1444
10358,2673.44,2004-12-10,S24_1444
10371,2431.75,2005-01-23,S24_1444
10383,2018.72,2005-02-22,S24_1444
10394,1558.99,2005-03-15,S24_1444
10412,1104.6,2005-05-03,S24_1444
10425,2575.1,2005-05-31,S24_1444
10107,2845.75,2003-02-24,S24_1578
10120,3431.75,2003-04-29,S24_1578
10134,3273.9,2003-07-01,S24_1578
10145,4119.4,2003-08-25,S24_1578
10159,5355.68,2003-10-10,S24_1578
10168,5747.5,2003-10-28,S24_1578
10180,5355.36,2003-11-11,S24_1578
10188,2535.75,2003-11-18,S24_1578
10201,4351.23,2003-12-01,S24_1578
10211,2254,2004-01-15,S24_1578
10223,2921.28,2004-02-20,S24_1578
10237,2299,2004-04-05,S24_1578
10251,2637.18,2004-05-18,S24_1578
10263,4307.52,2004-06-28,S24_1578
10275,2153.76,2004-07-23,S24_1578
10285,3716.88,2004-08-27,S24_1578
10299,5455.76,2004-09-30,S24_1578
10309,2650.62,2004-10-15,S24_1578
10318,6437.28,2004-11-02,S24_1578
10329,2633.4,2004-11-15,S24_1578
10339,2278.53,2004-11-23,S24_1578
10362,4846,2005-01-05,S24_1578
10374,4197.1,2005-02-02,S24_1578
10389,4597.65,2005-03-03,S24_1578
10403,5287.7,2005-04-08,S24_1578
10417,3550.05,2005-05-13,S24_1578
10110,1721.73,2003-03-18,S24_1628
10123,2993.5,2003-05-20,S24_1628
10137,1295.06,2003-07-10,S24_1628
10148,2671.95,2003-09-11,S24_1628
10161,1226.59,2003-10-17,S24_1628
10172,1453.84,2003-11-05,S24_1628
10181,1830.22,2003-11-12,S24_1628
10192,2530.01,2003-11-20,S24_1628
10204,2241.45,2003-12-02,S24_1628
10212,2399.85,2004-01-16,S24_1628
10226,1557.72,2004-02-26,S24_1628
10241,845.25,2004-04-13,S24_1628
10266,1352.4,2004-07-06,S24_1628
10278,1584.8,2004-08-06,S24_1628
10288,2616,2004-09-01,S24_1628
10301,1129.04,2003-10-05,S24_1628
10311,2218.5,2004-10-16,S24_1628
10321,2028.48,2004-11-04,S24_1628
10332,1759.2,2004-11-17,S24_1628
10343,977.67,2004-11-24,S24_1628
10367,1463,2005-01-12,S24_1628
10379,3970.56,2005-02-10,S24_1628
10407,2576,2005-04-22,S24_1628
10420,2233.69,2005-05-29,S24_1628
10106,2481.64,2003-02-17,S24_1785
10120,4651.53,2003-04-29,S24_1785
10133,3858.1,2003-06-27,S24_1785
10145,3501.6,2003-08-25,S24_1785
10168,6433.7,2003-10-28,S24_1785
10210,2658.96,2004-01-12,S24_1785
10223,3608.76,2004-02-20,S24_1785
10235,2214.67,2004-04-02,S24_1785
10250,2747.53,2004-05-11,S24_1785
10262,3310.92,2004-06-24,S24_1785
10275,2380,2004-07-23,S24_1785
10284,2310.88,2004-08-21,S24_1785
10297,4061.76,2004-09-16,S24_1785
10308,3493.7,2004-10-15,S24_1785
10316,2872.25,2004-11-01,S24_1785
10328,4114.38,2004-11-12,S24_1785
10339,1063.65,2004-11-23,S24_1785
10353,2008.44,2004-12-04,S24_1785
10374,4328.6,2005-02-02,S24_1785
10386,1376.43,2005-03-01,S24_1785
10398,5552.16,2005-03-30,S24_1785
10401,3659.02,2005-04-03,S24_1785
10416,4165.61,2005-05-10,S24_1785
10101,1404,2003-01-09,S24_1937
10110,710.2,2003-03-18,S24_1937
10124,1702.8,2003-05-21,S24_1937
10149,1194.84,2003-09-12,S24_1937
10162,1007.14,2003-10-18,S24_1937
10173,977.43,2003-11-05,S24_1937
10182,1436.76,2003-11-12,S24_1937
10193,759.46,2003-11-21,S24_1937
10205,1189.44,2003-12-03,S24_1937
10214,683.8,2004-01-26,S24_1937
10227,1226.82,2004-03-02,S24_1937
10243,974.82,2004-04-26,S24_1937
10280,577.6,2004-08-17,S24_1937
10288,1106.93,2004-09-01,S24_1937
10304,694.6,2004-10-11,S24_1937
10312,1152.06,2004-10-21,S24_1937
10322,2624,2004-11-04,S24_1937
10332,3685.95,2004-11-17,S24_1937
10344,703.6,2004-11-25,S24_1937
10356,9720,2004-12-09,S24_1937
10367,834.67,2005-01-12,S24_1937
10380,2257.92,2005-02-16,S24_1937
10391,8344.71,2005-03-09,S24_1937
10409,1801.94,2005-04-23,S24_1937
10420,1209.6,2005-05-29,S24_1937
10107,3155.14,2003-02-24,S24_2000
10120,2848.86,2003-04-29,S24_2000
10134,3570.29,2003-07-01,S24_2000
10145,3902.41,2003-08-25,S24_2000
10158,1474.66,2003-10-10,S24_2000
10168,2186.89,2003-10-28,S24_2000
10180,1919.4,2003-11-11,S24_2000
10188,3656,2003-11-18,S24_2000
10201,1847,2003-12-01,S24_2000
10210,1851,2004-01-12,S24_2000
10223,2633.78,2004-02-20,S24_2000
10236,3153.6,2004-04-03,S24_2000
10250,2803.2,2004-05-11,S24_2000
10263,2311.02,2004-06-28,S24_2000
10275,2399.4,2004-07-23,S24_2000
10285,2733.12,2004-08-27,S24_2000
10297,2096.32,2004-09-16,S24_2000
10308,2971.34,2004-10-15,S24_2000
10318,2257.58,2004-11-02,S24_2000
10329,3493.91,2004-11-15,S24_2000
10340,4398.9,2004-11-24,S24_2000
10363,3595.62,2005-01-06,S24_2000
10375,2443.29,2005-02-03,S24_2000
10389,3988.6,2005-03-03,S24_2000
10402,5168.4,2005-04-07,S24_2000
10416,2803.2,2005-05-10,S24_2000
10105,6341.21,2003-02-11,S24_2011
10117,5189.78,2003-04-16,S24_2011
10129,6027.75,2003-06-12,S24_2011
10142,3366,2003-08-08,S24_2011
10153,5456.4,2003-09-28,S24_2011
10167,3812.16,2003-10-23,S24_2011
10177,6083,2003-11-07,S24_2011
10185,3170.7,2003-11-14,S24_2011
10197,4534.6,2003-11-26,S24_2011
10208,4301.15,2004-01-02,S24_2011
10221,6804.63,2004-02-18,S24_2011
10232,5652.94,2004-03-20,S24_2011
10248,6960.48,2004-05-07,S24_2011
10261,4512.6,2004-06-17,S24_2011
10273,2784.76,2004-07-21,S24_2011
10283,5316.36,2004-08-20,S24_2011
10293,2941.89,2004-09-09,S24_2011
10306,3207.4,2004-10-14,S24_2011
10315,4215.05,2004-10-29,S24_2011
10326,4333.29,2004-11-09,S24_2011
10337,2087.13,2004-11-21,S24_2011
10350,1711.22,2004-12-02,S24_2011
10372,3910.53,2005-01-26,S24_2011
10384,2255.12,2005-02-23,S24_2011
10396,5720.75,2005-03-23,S24_2011
10414,3335.23,2005-05-06,S24_2011
10101,2472.96,2003-01-09,S24_2022
10110,1729.65,2003-03-18,S24_2022
10124,995.5,2003-05-21,S24_2022
10149,2414.72,2003-09-12,S24_2022
10162,1560.47,2003-10-18,S24_2022
10173,1112.94,2003-11-05,S24_2022
10182,1138.94,2003-11-12,S24_2022
10193,1012.4,2003-11-21,S24_2022
10205,913.92,2003-12-03,S24_2022
10214,2349.06,2004-01-26,S24_2022
10227,1161.12,2004-03-02,S24_2022
10244,1764.75,2004-04-29,S24_2022
10255,1690.9,2004-06-04,S24_2022
10280,2137.05,2004-08-17,S24_2022
10289,2177.1,2004-09-03,S24_2022
10304,1734.48,2004-10-11,S24_2022
10312,865.49,2004-10-21,S24_2022
10322,3500.1,2004-11-04,S24_2022
10332,2223.52,2004-11-17,S24_2022
10345,2311.68,2004-11-25,S24_2022
10356,828.36,2004-12-09,S24_2022
10367,856.52,2005-01-12,S24_2022
10380,1845.45,2005-02-16,S24_2022
10391,4042.08,2005-03-09,S24_2022
10421,1828,2005-05-29,S24_2022
10103,3680.28,2003-01-29,S24_2300
10114,2925.09,2003-04-01,S24_2300
10126,3415.77,2003-05-28,S24_2300
10140,5105.14,2003-07-24,S24_2300
10151,5098.8,2003-09-21,S24_2300
10165,4661.76,2003-10-22,S24_2300
10175,2969.96,2003-11-06,S24_2300
10184,3496.32,2003-11-14,S24_2300
10194,5760.93,2003-11-25,S24_2300
10207,6819.04,2003-12-09,S24_2300
10217,3148.88,2004-02-04,S24_2300
10229,5704.32,2004-03-11,S24_2300
10246,3520.6,2004-05-05,S24_2300
10259,5285.62,2004-06-15,S24_2300
10271,5605.05,2004-07-20,S24_2300
10281,2779.5,2004-08-19,S24_2300
10291,5398.08,2004-09-08,S24_2300
10305,3189.6,2004-10-13,S24_2300
10313,5581.8,2004-10-22,S24_2300
10324,3820.44,2004-11-05,S24_2300
10334,5528.04,2004-11-19,S24_2300
10348,5981.42,2004-11-01,S24_2300
10358,5684.65,2004-12-10,S24_2300
10371,3449.4,2005-01-23,S24_2300
10382,2654.4,2005-02-17,S24_2300
10412,8498,2005-05-03,S24_2300
10425,5510.54,2005-05-31,S24_2300
10108,2060.45,2003-03-03,S24_2360
10121,2460.16,2003-05-07,S24_2360
10135,1787.56,2003-07-02,S24_2360
10145,1645.65,2003-08-25,S24_2360
10159,2169.18,2003-10-10,S24_2360
10169,2816.18,2003-11-04,S24_2360
10180,2521.05,2003-11-11,S24_2360
10190,3199.98,2003-11-19,S24_2360
10211,1338.12,2004-01-15,S24_2360
10224,2972.58,2004-02-21,S24_2360
10237,2070.9,2004-04-05,S24_2360
10252,3092.6,2004-05-26,S24_2360
10264,2408.7,2004-06-30,S24_2360
10276,3472.54,2004-08-02,S24_2360
10285,2263.28,2004-08-27,S24_2360
10299,2194.17,2004-09-30,S24_2360
10309,1346.4,2004-10-15,S24_2360
10319,2533.63,2004-11-03,S24_2360
10330,3403.26,2004-11-16,S24_2360
10341,3307.2,2004-11-24,S24_2360
10355,2896.65,2004-12-07,S24_2360
10363,2632.89,2005-01-06,S24_2360
10375,2046,2005-02-03,S24_2360
10390,2279.55,2005-03-04,S24_2360
10403,2150.55,2005-04-08,S24_2360
10110,3360.45,2003-03-18,S24_2766
10124,2326.4,2003-05-21,S24_2766
10148,1545.6,2003-09-11,S24_2766
10161,2144.6,2003-10-17,S24_2766
10172,1639.22,2003-11-05,S24_2766
10182,2649.6,2003-11-12,S24_2766
10192,3845.6,2003-11-20,S24_2766
10204,4527.04,2003-12-02,S24_2766
10212,3966.3,2004-01-16,S24_2766
10227,4142.58,2004-03-02,S24_2766
10241,4441.5,2004-04-13,S24_2766
10267,3315.12,2004-07-07,S24_2766
10279,3918.53,2004-08-09,S24_2766
10288,2830.45,2004-09-01,S24_2766
10302,5298.86,2003-10-06,S24_2766
10311,2620.8,2004-10-16,S24_2766
10321,2181,2004-11-04,S24_2766
10332,3382.08,2004-11-17,S24_2766
10346,2876.75,2004-11-29,S24_2766
10368,4107.2,2005-01-19,S24_2766
10380,1350,2005-02-16,S24_2766
10407,7182,2005-04-22,S24_2766
10420,3933.93,2005-05-29,S24_2766
10104,1742.4,2003-01-31,S24_2840
10114,721.44,2003-04-01,S24_2840
10127,1489.41,2003-06-03,S24_2840
10141,891.03,2003-08-01,S24_2840
10151,1209.3,2003-09-21,S24_2840
10165,859.14,2003-10-22,S24_2840
10175,1151.44,2003-11-06,S24_2840
10184,1336.44,2003-11-14,S24_2840
10195,905.28,2003-11-25,S24_2840
10207,1247.4,2003-12-09,S24_2840
10219,846.51,2004-02-10,S24_2840
10229,1085.04,2004-03-11,S24_2840
10246,1767.43,2004-05-05,S24_2840
10259,1030.44,2004-06-15,S24_2840
10271,1585.36,2004-07-20,S24_2840
10281,813.2,2004-08-19,S24_2840
10292,1172.34,2004-09-08,S24_2840
10305,1510.56,2004-10-13,S24_2840
10314,1448.07,2004-10-22,S24_2840
10324,3338.1,2004-11-05,S24_2840
10335,1225.29,2004-11-19,S24_2840
10349,1336.68,2004-12-01,S24_2840
10358,2985.84,2004-12-10,S24_2840
10371,5545.8,2005-01-23,S24_2840
10383,6089.6,2005-02-22,S24_2840
10394,1789.4,2005-03-15,S24_2840
10412,1082.1,2005-05-03,S24_2840
10425,1030.44,2005-05-31,S24_2840
10106,3659.32,2003-02-17,S24_2841
10119,2443.6,2003-04-28,S24_2841
10131,2349.9,2003-06-16,S24_2841
10143,1646.19,2003-08-10,S24_2841
10155,1670.26,2003-10-06,S24_2841
10167,1467.48,2003-10-23,S24_2841
10178,2748.56,2003-11-08,S24_2841
10186,1522.4,2003-11-14,S24_2841
10198,3255.36,2003-11-27,S24_2841
10209,3535.03,2004-01-09,S24_2841
10222,2608.96,2004-02-19,S24_2841
10249,1356.4,2004-05-08,S24_2841
10262,1611.36,2004-06-24,S24_2841
10274,2603.2,2004-07-21,S24_2841
10284,2219.7,2004-08-21,S24_2841
10296,1496.25,2004-09-15,S24_2841
10307,1884,2004-10-14,S24_2841
10316,2166.14,2004-11-01,S24_2841
10328,2828.16,2004-11-12,S24_2841
10339,6214.45,2004-11-23,S24_2841
10351,1867,2004-12-03,S24_2841
10373,2676.72,2005-01-31,S24_2841
10386,2182.44,2005-03-01,S24_2841
10398,1611.4,2005-03-30,S24_2841
10400,1479.84,2005-04-01,S24_2841
10415,1424.22,2005-05-09,S24_2841
10110,5942.28,2003-03-18,S24_2887
10124,2348.75,2003-05-21,S24_2887
10148,4392.12,2003-09-11,S24_2887
10161,2759.75,2003-10-17,S24_2887
10173,2728.03,2003-11-05,S24_2887
10182,2395.8,2003-11-12,S24_2887
10192,3052.33,2003-11-20,S24_2887
10204,4242,2003-12-02,S24_2887
10213,2790.45,2004-01-22,S24_2887
10227,4340.49,2004-03-02,S24_2887
10241,2762.2,2004-04-13,S24_2887
10267,4645.72,2004-07-07,S24_2887
10279,5580.96,2004-08-09,S24_2887
10288,6539.04,2004-09-01,S24_2887
10302,5548.95,2003-10-06,S24_2887
10311,4595.41,2004-10-16,S24_2887
10332,1859.44,2004-11-17,S24_2887
10346,2093.76,2004-11-29,S24_2887
10368,4223.13,2005-01-19,S24_2887
10380,1596.76,2005-02-16,S24_2887
10407,5820.35,2005-04-22,S24_2887
10420,5296.5,2005-05-29,S24_2887
10109,930.9,2003-03-10,S24_2972
10122,1207.44,2003-05-08,S24_2972
10135,717.4,2003-07-02,S24_2972
10147,1066.75,2003-09-05,S24_2972
10160,1554,2003-10-11,S24_2972
10171,1277.64,2003-11-05,S24_2972
10181,1578.79,2003-11-12,S24_2972
10192,917.7,2003-11-20,S24_2972
10203,777,2003-12-02,S24_2972
10212,1476.28,2004-01-16,S24_2972
10225,1538.46,2004-02-22,S24_2972
10239,891.2,2004-04-12,S24_2972
10253,1706.8,2004-06-01,S24_2972
10266,1373.6,2004-07-06,S24_2972
10278,1205.59,2004-08-06,S24_2972
10287,1427.4,2004-08-30,S24_2972
10301,1649.28,2003-10-05,S24_2972
10310,1383.03,2004-10-16,S24_2972
10321,1229.51,2004-11-04,S24_2972
10331,1140.48,2004-11-17,S24_2972
10342,1575.6,2004-11-24,S24_2972
10355,1386.72,2004-12-07,S24_2972
10367,5018.4,2005-01-12,S24_2972
10378,5856.85,2005-02-10,S24_2972
10390,4894.73,2005-03-04,S24_2972
10405,2094.32,2005-04-14,S24_2972
10419,640.05,2005-05-17,S24_2972
10105,3193.52,2003-02-11,S24_3151
10119,3066.7,2003-04-28,S24_3151
10129,3883.11,2003-06-12,S24_3151
10142,4814.25,2003-08-08,S24_3151
10154,2826.27,2003-10-02,S24_3151
10167,1593.2,2003-10-23,S24_3151
10177,3266.1,2003-11-07,S24_3151
10185,2453.55,2003-11-14,S24_3151
10197,3910.4,2003-11-26,S24_3151
10208,1788,2004-01-02,S24_3151
10222,3328.07,2004-02-19,S24_3151
10233,3788.4,2004-03-29,S24_3151
10248,3053.7,2004-05-07,S24_3151
10261,2005.74,2004-06-17,S24_3151
10273,2796.12,2004-07-21,S24_3151
10283,3159.96,2004-08-20,S24_3151
10295,3908.62,2004-09-10,S24_3151
10306,2606.48,2004-10-14,S24_3151
10315,2081.76,2004-10-29,S24_3151
10326,3519.85,2004-11-09,S24_3151
10339,10758,2004-11-23,S24_3151
10350,3021,2004-12-02,S24_3151
10373,1891.56,2005-01-31,S24_3151
10384,4208.41,2005-02-23,S24_3151
10396,2246.4,2005-03-23,S24_3151
10414,6107.4,2005-05-06,S24_3151
10110,1987.74,2003-03-18,S24_3191
10124,4068.96,2003-05-21,S24_3191
10148,2282.22,2003-09-11,S24_3191
10161,1541,2003-10-17,S24_3191
10172,1951.92,2003-11-05,S24_3191
10182,3107.61,2003-11-12,S24_3191
10192,2328.64,2003-11-20,S24_3191
10204,3184.8,2003-12-02,S24_3191
10212,2149.74,2004-01-16,S24_3191
10227,3184.8,2004-03-02,S24_3191
10241,2114.58,2004-04-13,S24_3191
10267,4256.56,2004-07-07,S24_3191
10279,2344.98,2004-08-09,S24_3191
10288,2328.66,2004-09-01,S24_3191
10302,3575.04,2003-10-06,S24_3191
10311,2076,2004-10-16,S24_3191
10321,3305.25,2004-11-04,S24_3191
10332,1538.55,2004-11-17,S24_3191
10346,3325.92,2004-11-29,S24_3191
10368,3662.52,2005-01-19,S24_3191
10380,3478.64,2005-02-16,S24_3191
10407,1057.29,2005-04-22,S24_3191
10420,3385.9,2005-05-29,S24_3191
10108,1892.1,2003-03-03,S24_3371
10122,1707.14,2003-05-08,S24_3371
10135,1785.51,2003-07-02,S24_3371
10147,2057.4,2003-09-05,S24_3371
10159,3490,2003-10-10,S24_3371
10169,1707.14,2003-11-04,S24_3371
10181,1506.96,2003-11-12,S24_3371
10191,2880.48,2003-11-20,S24_3371
10203,2206.6,2003-12-02,S24_3371
10211,2351.04,2004-01-15,S24_3371
10225,1205.04,2004-02-22,S24_3371
10238,2935.15,2004-04-09,S24_3371
10253,1263.84,2004-06-01,S24_3371
10266,2935.15,2004-07-06,S24_3371
10276,1224.6,2004-08-02,S24_3371
10287,1359.4,2004-08-30,S24_3371
10300,1822.18,2003-10-04,S24_3371
10310,2163.72,2004-10-16,S24_3371
10320,1591.98,2004-11-03,S24_3371
10331,3078.5,2004-11-17,S24_3371
10342,2997.6,2004-11-24,S24_3371
10355,2747.8,2004-12-07,S24_3371
10363,2447.76,2005-01-06,S24_3371
10378,1910.84,2005-02-10,S24_3371
10390,2430.64,2005-03-04,S24_3371
10419,2896.3,2005-05-17,S24_3371
10106,1630.6,2003-02-17,S24_3420
10119,1459.6,2003-04-28,S24_3420
10131,1716.22,2003-06-16,S24_3420
10143,2560.47,2003-08-10,S24_3420
10155,1900.26,2003-10-06,S24_3420
10167,2019.84,2003-10-23,S24_3420
10178,1988.28,2003-11-08,S24_3420
10186,1449.84,2003-11-14,S24_3420
10198,1935.09,2003-11-27,S24_3420
10209,2793.24,2004-01-09,S24_3420
10222,3025.05,2004-02-19,S24_3420
10249,1742.5,2004-05-08,S24_3420
10262,3236.1,2004-06-24,S24_3420
10274,1735.92,2004-07-21,S24_3420
10284,2795.13,2004-08-21,S24_3420
10296,1671.52,2004-09-15,S24_3420
10307,1576.74,2004-10-14,S24_3420
10316,3615.71,2004-11-01,S24_3420
10328,1459.6,2004-11-12,S24_3420
10339,2891.01,2004-11-23,S24_3420
10351,2598.44,2004-12-03,S24_3420
10361,3871.92,2004-12-17,S24_3420
10373,3036,2005-01-31,S24_3420
10386,2231.6,2005-03-01,S24_3420
10398,2436.78,2005-03-30,S24_3420
10400,2173.6,2005-04-01,S24_3420
10415,1254.6,2005-05-09,S24_3420
10110,3724.42,2003-03-18,S24_3432
10124,5203,2003-05-21,S24_3432
10148,3469.5,2003-09-11,S24_3432
10161,3148.2,2003-10-17,S24_3432
10172,2167.22,2003-11-05,S24_3432
10182,6244.07,2003-11-12,S24_3432
10192,5566,2003-11-20,S24_3432
10204,4368.96,2003-12-02,S24_3432
10212,4039.26,2004-01-16,S24_3432
10226,4420.32,2004-02-26,S24_3432
10241,2341.71,2004-04-13,S24_3432
10267,5110.98,2004-07-07,S24_3432
10279,6168,2004-08-09,S24_3432
10288,4873.26,2004-09-01,S24_3432
10301,2120.14,2003-10-05,S24_3432
10311,4236.14,2004-10-16,S24_3432
10321,1888.95,2004-11-04,S24_3432
10332,1152.58,2004-11-17,S24_3432
10346,2492.88,2004-11-29,S24_3432
10368,1991.6,2005-01-19,S24_3432
10380,3953.18,2005-02-16,S24_3432
10407,3729.39,2005-04-22,S24_3432
10420,2617.16,2005-05-29,S24_3432
10105,3983.5,2003-02-11,S24_3816
10119,3169.95,2003-04-28,S24_3816
10129,3899.5,2003-06-12,S24_3816
10143,1851.73,2003-08-10,S24_3816
10155,2513.41,2003-10-06,S24_3816
10167,2431.94,2003-10-23,S24_3816
10178,1514.52,2003-11-08,S24_3816
10186,3079.44,2003-11-14,S24_3816
10197,1900.36,2003-11-26,S24_3816
10209,1974.06,2004-01-09,S24_3816
10222,3703.46,2004-02-19,S24_3816
10248,1755.13,2004-05-07,S24_3816
10262,4273.29,2004-06-24,S24_3816
10273,3984.96,2004-07-21,S24_3816
10283,2407.68,2004-08-20,S24_3816
10296,1697.3,2004-09-15,S24_3816
10307,2011.02,2004-10-14,S24_3816
10316,2306.25,2004-11-01,S24_3816
10326,1845,2004-11-09,S24_3816
10339,2493.12,2004-11-23,S24_3816
10350,1508.5,2004-12-02,S24_3816
10373,2394.3,2005-01-31,S24_3816
10385,3164.98,2005-02-28,S24_3816
10396,3351.09,2005-03-23,S24_3816
10400,3064.32,2005-04-01,S24_3816
10414,3891.81,2005-05-06,S24_3816
10108,5448.8,2003-03-03,S24_3856
10122,5494.97,2003-05-08,S24_3856
10135,6336.07,2003-07-02,S24_3856
10147,2906.97,2003-09-05,S24_3856
10160,4767.7,2003-10-11,S24_3856
10170,3819.56,2003-11-04,S24_3856
10181,3861.75,2003-11-12,S24_3856
10192,6319.35,2003-11-20,S24_3856
10203,6996.42,2003-12-02,S24_3856
10212,6949.67,2004-01-16,S24_3856
10225,4550,2004-02-22,S24_3856
10239,4479.63,2004-04-12,S24_3856
10253,5148,2004-06-01,S24_3856
10266,2932.08,2004-07-06,S24_3856
10278,3159.75,2004-08-06,S24_3856
10287,4297.32,2004-08-30,S24_3856
10301,7723.5,2003-10-05,S24_3856
10310,5497.65,2004-10-16,S24_3856
10321,4052.88,2004-11-04,S24_3856
10331,3135.93,2004-11-17,S24_3856
10342,5013.54,2004-11-24,S24_3856
10355,5302.72,2004-12-07,S24_3856
10363,2931.98,2005-01-06,S24_3856
10378,1757.91,2005-02-10,S24_3856
10390,6763.05,2005-03-04,S24_3856
10405,11739.7,2005-04-14,S24_3856
10419,9240,2005-05-17,S24_3856
10106,3241.5,2003-02-17,S24_3949
10119,1968.12,2003-04-28,S24_3949
10131,4094.5,2003-06-16,S24_3949
10143,1853.32,2003-08-10,S24_3949
10155,3392.84,2003-10-06,S24_3949
10168,1971.54,2003-10-28,S24_3949
10178,2169.9,2003-11-08,S24_3949
10198,2846.17,2003-11-27,S24_3949
10210,2018.4,2004-01-12,S24_3949
10222,2718.72,2004-02-19,S24_3949
10235,1981.65,2004-04-02,S24_3949
10250,3002.4,2004-05-11,S24_3949
10262,2948.16,2004-06-24,S24_3949
10275,3357.49,2004-07-23,S24_3949
10284,1175.16,2004-08-21,S24_3949
10296,2292.8,2004-09-15,S24_3949
10308,3286.49,2004-10-15,S24_3949
10316,2333.7,2004-11-01,S24_3949
10328,2675.05,2004-11-12,S24_3949
10339,4361.4,2004-11-23,S24_3949
10351,2018.58,2004-12-03,S24_3949
10361,3710.98,2004-12-17,S24_3949
10373,2847,2005-01-31,S24_3949
10386,3006.12,2005-03-01,S24_3949
10398,2797.84,2005-03-30,S24_3949
10401,3843.2,2005-04-03,S24_3949
10416,1351.08,2005-05-10,S24_3949
10100,1689.03,2003-01-06,S24_3969
10110,1654.56,2003-03-18,S24_3969
10124,1528.58,2003-05-21,S24_3969
10149,1013.48,2003-09-12,S24_3969
10162,1442.26,2003-10-18,S24_3969
10173,1163.05,2003-11-05,S24_3969
10182,971.98,2003-11-12,S24_3969
10193,902.66,2003-11-21,S24_3969
10204,1295.97,2003-12-02,S24_3969
10214,1534.72,2004-01-26,S24_3969
10227,1185.3,2004-03-02,S24_3969
10242,1698.78,2004-04-20,S24_3969
10280,1381.05,2004-08-17,S24_3969
10288,1340.46,2004-09-01,S24_3969
10303,965.04,2004-10-06,S24_3969
10312,1093.99,2004-10-21,S24_3969
10332,3166.84,2004-11-17,S24_3969
10346,2143.68,2004-11-29,S24_3969
10368,1717.64,2005-01-19,S24_3969
10380,4086.29,2005-02-16,S24_3969
10408,553.95,2005-04-22,S24_3969
10420,652.35,2005-05-29,S24_3969
10104,2921.62,2003-01-31,S24_4048
10115,5568.64,2003-04-04,S24_4048
10127,1939.8,2003-06-03,S24_4048
10141,3784.8,2003-08-01,S24_4048
10152,2802.09,2003-09-25,S24_4048
10165,2384.64,2003-10-22,S24_4048
10176,2915.66,2003-11-06,S24_4048
10184,5795.72,2003-11-14,S24_4048
10195,3699.88,2003-11-25,S24_4048
10207,2980.6,2003-12-09,S24_4048
10220,5032.74,2004-02-12,S24_4048
10230,4737.15,2004-03-15,S24_4048
10246,6311.2,2004-05-05,S24_4048
10271,3070.54,2004-07-20,S24_4048
10282,4797.39,2004-08-20,S24_4048
10292,3832.38,2004-09-08,S24_4048
10305,4641.48,2004-10-13,S24_4048
10314,4000.26,2004-10-22,S24_4048
10325,5325.76,2004-11-05,S24_4048
10336,4618.69,2004-11-20,S24_4048
10349,3182.97,2004-12-01,S24_4048
10359,2603.04,2004-12-15,S24_4048
10371,1408.96,2005-01-23,S24_4048
10383,1972.11,2005-02-22,S24_4048
10394,5207.75,2005-03-15,S24_4048
10412,4253.2,2005-05-03,S24_4048
10103,2873,2003-01-29,S24_4258
10111,2253.68,2003-03-25,S24_4258
10126,3576.12,2003-05-28,S24_4258
10139,3276.13,2003-07-16,S24_4258
10149,1811.4,2003-09-12,S24_4258
10163,3845.1,2003-10-20,S24_4258
10173,2571.14,2003-11-05,S24_4258
10183,5035.11,2003-11-13,S24_4258
10193,2279,2003-11-21,S24_4258
10206,3213.87,2003-12-05,S24_4258
10215,3532.23,2004-01-29,S24_4258
10228,3406.59,2004-03-10,S24_4258
10244,3467.2,2004-04-29,S24_4258
10257,3628.94,2004-06-14,S24_4258
10269,4674.72,2004-07-16,S24_4258
10280,1656.69,2004-08-17,S24_4258
10290,5171.4,2004-09-07,S24_4258
10304,3342.57,2004-10-11,S24_4258
10312,4884.88,2004-10-21,S24_4258
10324,6267.69,2004-11-05,S24_4258
10333,4424.16,2004-11-18,S24_4258
10348,1962.09,2004-11-01,S24_4258
10358,6847,2004-12-10,S24_4258
10369,3476.8,2005-01-20,S24_4258
10382,4592.61,2005-02-17,S24_4258
10423,2208.92,2005-05-30,S24_4258
10106,1657.76,2003-02-17,S24_4278
10120,2479.21,2003-04-29,S24_4278
10133,3565.92,2003-06-27,S24_4278
10145,2797.41,2003-08-25,S24_4278
10168,3756,2003-10-28,S24_4278
10210,2840,2004-01-12,S24_4278
10223,1716.26,2004-02-20,S24_4278
10235,3245.6,2004-04-02,S24_4278
10250,2760.94,2004-05-11,S24_4278
10263,1808.4,2004-06-28,S24_4278
10275,1682.37,2004-07-23,S24_4278
10284,1491,2004-08-21,S24_4278
10297,1666.35,2004-09-16,S24_4278
10308,3666.08,2004-10-15,S24_4278
10317,2916.2,2004-11-02,S24_4278
10328,2616.98,2004-11-12,S24_4278
10340,3390.8,2004-11-24,S24_4278
10353,3146.5,2004-12-04,S24_4278
10361,1561.5,2004-12-17,S24_4278
10375,10039.6,2005-02-03,S24_4278
10386,3167,2005-03-01,S24_4278
10398,3521.25,2005-03-30,S24_4278
10401,4219.28,2005-04-03,S24_4278
10416,3581.76,2005-05-10,S24_4278
10108,2130.01,2003-03-03,S24_4620
10122,2063.06,2003-05-08,S24_4620
10135,2008.13,2003-07-02,S24_4620
10147,2004.77,2003-09-05,S24_4620
10159,1543.3,2003-10-10,S24_4620
10169,2269.92,2003-11-04,S24_4620
10180,1991.92,2003-11-11,S24_4620
10191,2916.76,2003-11-20,S24_4620
10211,2027.52,2004-01-15,S24_4620
10225,3235.18,2004-02-22,S24_4620
10238,2062.94,2004-04-09,S24_4620
10252,3317.78,2004-05-26,S24_4620
10264,3913.69,2004-06-30,S24_4620
10276,3608.64,2004-08-02,S24_4620
10287,3524.8,2004-08-30,S24_4620
10299,2586.88,2004-09-30,S24_4620
10310,4753.49,2004-10-16,S24_4620
10319,3684.67,2004-11-03,S24_4620
10331,5715.4,2004-11-17,S24_4620
10343,3098.7,2004-11-24,S24_4620
10355,2670.92,2004-12-07,S24_4620
10363,5154.41,2005-01-06,S24_4620
10378,4894.17,2005-02-10,S24_4620
10390,2472.6,2005-03-04,S24_4620
10103,3224.31,2003-01-29,S32_1268
10114,3667.52,2003-04-01,S32_1268
10126,4141.33,2003-05-28,S32_1268
10140,2829.58,2003-07-24,S32_1268
10151,3068.55,2003-09-21,S32_1268
10164,2634.96,2003-10-21,S32_1268
10175,2436.72,2003-11-06,S32_1268
10184,4607.36,2003-11-14,S32_1268
10194,3598.99,2003-11-25,S32_1268
10207,3964.1,2003-12-09,S32_1268
10217,2244.9,2004-02-04,S32_1268
10229,2793,2004-03-11,S32_1268
10245,4133.64,2004-05-04,S32_1268
10259,3900.6,2004-06-15,S32_1268
10270,2743.04,2004-07-19,S32_1268
10281,2402.07,2004-08-19,S32_1268
10291,2178.54,2004-09-08,S32_1268
10305,3155.04,2004-10-13,S32_1268
10313,2366.28,2004-10-22,S32_1268
10324,1963.6,2004-11-05,S32_1268
10335,4746.28,2004-11-19,S32_1268
10348,6386.94,2004-11-01,S32_1268
10358,4428,2004-12-10,S32_1268
10371,4044.04,2005-01-23,S32_1268
10382,2708.42,2005-02-17,S32_1268
10411,2904.72,2005-05-01,S32_1268
10425,3553.88,2005-05-31,S32_1268
10107,1858,2003-02-24,S32_1374
10120,2461.36,2003-04-29,S32_1374
10133,2642.01,2003-06-27,S32_1374
10145,3098.7,2003-08-25,S32_1374
10168,3244.36,2003-10-28,S32_1374
10188,4351.16,2003-11-18,S32_1374
10210,3675.86,2004-01-12,S32_1374
10223,2475.27,2004-02-20,S32_1374
10235,4177.49,2004-04-02,S32_1374
10250,3282.28,2004-05-11,S32_1374
10263,2477.21,2004-06-28,S32_1374
10275,1883.93,2004-07-23,S32_1374
10285,3658.93,2004-08-27,S32_1374
10297,2856.88,2004-09-16,S32_1374
10308,1917.84,2004-10-15,S32_1374
10318,5305.36,2004-11-02,S32_1374
10329,2875.95,2004-11-15,S32_1374
10340,6482.85,2004-11-24,S32_1374
10353,3733.82,2004-12-04,S32_1374
10363,6576.5,2005-01-06,S32_1374
10375,6353.27,2005-02-03,S32_1374
10387,4175.6,2005-03-02,S32_1374
10401,4992.61,2005-04-03,S32_1374
10416,4764.6,2005-05-10,S32_1374
10108,1173.15,2003-03-03,S32_2206
10122,1384.46,2003-05-08,S32_2206
10135,1327.59,2003-07-02,S32_2206
10145,1109.8,2003-08-25,S32_2206
10159,1239,2003-10-10,S32_2206
10169,1035.58,2003-11-04,S32_2206
10180,1545.64,2003-11-11,S32_2206
10190,1517.54,2003-11-19,S32_2206
10211,1731.84,2004-01-15,S32_2206
10224,1695.49,2004-02-21,S32_2206
10237,1045.98,2004-04-05,S32_2206
10252,1738.08,2004-05-26,S32_2206
10264,651.8,2004-06-30,S32_2206
10276,988.47,2004-08-02,S32_2206
10285,1518.11,2004-08-27,S32_2206
10299,1013.76,2004-09-30,S32_2206
10310,1549.8,2004-10-16,S32_2206
10319,1108.38,2004-11-03,S32_2206
10331,4102.56,2004-11-17,S32_2206
10343,3713.16,2004-11-24,S32_2206
10355,1513.54,2004-12-07,S32_2206
10364,2317.44,2005-01-06,S32_2206
10378,3298.4,2005-02-10,S32_2206
10390,1826.96,2005-03-04,S32_2206
10403,1206.9,2005-04-08,S32_2206
10104,1666.7,2003-01-31,S32_2509
10114,1560.44,2003-04-01,S32_2509
10127,2337.75,2003-06-03,S32_2509
10141,1103.76,2003-08-01,S32_2509
10151,2617.85,2003-09-21,S32_2509
10165,2207.52,2003-10-22,S32_2509
10175,3165.5,2003-11-06,S32_2509
10184,2071.41,2003-11-14,S32_2509
10195,1385.28,2003-11-25,S32_2509
10207,1621.62,2003-12-09,S32_2509
10219,1931.65,2004-02-10,S32_2509
10229,1244.53,2004-03-11,S32_2509
10246,1704.5,2004-05-05,S32_2509
10259,1753.2,2004-06-15,S32_2509
10271,1666.7,2004-07-20,S32_2509
10281,1710.89,2004-08-19,S32_2509
10292,2326.5,2004-09-08,S32_2509
10305,2316,2004-10-13,S32_2509
10313,1727.1,2004-10-22,S32_2509
10325,8844.12,2004-11-05,S32_2509
10335,2424,2004-11-19,S32_2509
10349,1535.49,2004-12-01,S32_2509
10359,6358.68,2004-12-15,S32_2509
10371,1329.4,2005-01-23,S32_2509
10383,1701.76,2005-02-22,S32_2509
10394,2259.72,2005-03-15,S32_2509
10412,925.3,2005-05-03,S32_2509
10425,482.13,2005-05-31,S32_2509
10104,3227.63,2003-01-31,S32_3207
10116,1711.26,2003-04-11,S32_3207
10127,2054.36,2003-06-03,S32_3207
10142,3131.94,2003-08-08,S32_3207
10152,1681.35,2003-09-25,S32_3207
10165,2351.36,2003-10-22,S32_3207
10176,1408,2003-11-06,S32_3207
10184,2445.6,2003-11-14,S32_3207
10195,1804.44,2003-11-25,S32_3207
10207,2544.75,2003-12-09,S32_3207
10220,1056.4,2004-02-12,S32_3207
10230,2801.4,2004-03-15,S32_3207
10247,1988.4,2004-05-05,S32_3207
10272,2908.35,2004-07-20,S32_3207
10282,2147.4,2004-08-20,S32_3207
10292,2099.63,2004-09-08,S32_3207
10306,2315.18,2004-10-14,S32_3207
10314,2327.15,2004-10-22,S32_3207
10325,5377.4,2004-11-05,S32_3207
10336,2626.01,2004-11-20,S32_3207
10350,4406.4,2004-12-02,S32_3207
10359,4301.22,2004-12-15,S32_3207
10371,2986.5,2005-01-23,S32_3207
10383,1587.08,2005-02-22,S32_3207
10394,1808.4,2005-03-15,S32_3207
10413,1193.04,2005-05-05,S32_3207
10103,3403.35,2003-01-29,S32_3522
10113,1575.96,2003-03-26,S32_3522
10126,1630.2,2003-05-28,S32_3522
10140,1701.28,2003-07-24,S32_3522
10150,2850.82,2003-09-19,S32_3522
10164,2692.06,2003-10-21,S32_3522
10175,2174.42,2003-11-06,S32_3522
10183,3167.36,2003-11-13,S32_3522
10194,2142.66,2003-11-25,S32_3522
10206,2117.52,2003-12-05,S32_3522
10217,2419.95,2004-02-04,S32_3522
10229,2191.2,2004-03-11,S32_3522
10245,3043.04,2004-05-04,S32_3522
10258,1228.2,2004-06-15,S32_3522
10270,1330.35,2004-07-19,S32_3522
10281,2792.52,2004-08-19,S32_3522
10291,2296,2004-09-08,S32_3522
10304,2629.44,2004-10-11,S32_3522
10313,1912.16,2004-10-22,S32_3522
10324,8209.44,2004-11-05,S32_3522
10333,2431.77,2004-11-18,S32_3522
10348,3139.99,2004-11-01,S32_3522
10358,5669.64,2004-12-10,S32_3522
10370,3160.25,2005-01-20,S32_3522
10382,6799.68,2005-02-17,S32_3522
10411,1867.32,2005-05-01,S32_3522
10424,2702.04,2005-05-31,S32_3522
10106,2406.36,2003-02-17,S32_4289
10120,2094.67,2003-04-29,S32_4289
10133,2797.9,2003-06-27,S32_4289
10144,1637.2,2003-08-13,S32_4289
10168,2281.91,2003-10-28,S32_4289
10210,2307.24,2004-01-12,S32_4289
10223,1320.8,2004-02-20,S32_4289
10235,2642.82,2004-04-02,S32_4289
10250,3061,2004-05-11,S32_4289
10262,3164.4,2004-06-24,S32_4289
10275,1791.16,2004-07-23,S32_4289
10284,4093,2004-08-21,S32_4289
10297,2234.4,2004-09-16,S32_4289
10308,3037.84,2004-10-15,S32_4289
10316,1419.84,2004-11-01,S32_4289
10328,1948.08,2004-11-12,S32_4289
10340,2307.24,2004-11-24,S32_4289
10353,1780.4,2004-12-04,S32_4289
10361,3544.17,2004-12-17,S32_4289
10375,3619.44,2005-02-03,S32_4289
10388,3918.95,2005-03-03,S32_4289
10398,1483.02,2005-03-30,S32_4289
10401,4819.26,2005-04-03,S32_4289
10416,1591.72,2005-05-10,S32_4289
10108,3669.78,2003-03-03,S32_4485
10121,2168.5,2003-05-07,S32_4485
10135,2694,2003-07-02,S32_4485
10145,3251.34,2003-08-25,S32_4485
10159,2347.15,2003-10-10,S32_4485
10169,3920.88,2003-11-04,S32_4485
10180,2514.6,2003-11-11,S32_4485
10190,3600.24,2003-11-19,S32_4485
10211,4040.03,2004-01-15,S32_4485
10224,3336.9,2004-02-21,S32_4485
10237,3113.64,2004-04-05,S32_4485
10252,2832,2004-05-26,S32_4485
10264,3330.98,2004-06-30,S32_4485
10276,4304.64,2004-08-02,S32_4485
10285,2600.26,2004-08-27,S32_4485
10299,4382.16,2004-09-30,S32_4485
10309,4235,2004-10-15,S32_4485
10319,2626.8,2004-11-03,S32_4485
10331,5026.56,2004-11-17,S32_4485
10341,2201.62,2004-11-24,S32_4485
10355,4326.8,2004-12-07,S32_4485
10365,3425.18,2005-01-07,S32_4485
10375,4701.88,2005-02-03,S32_4485
10390,2204.1,2005-03-04,S32_4485
10403,5189.4,2005-04-08,S32_4485
10106,1565.85,2003-02-17,S50_1341
10120,2480.38,2003-04-29,S50_1341
10133,1355.13,2003-06-27,S50_1341
10143,1246.44,2003-08-10,S50_1341
10156,820.4,2003-10-08,S50_1341
10168,2492.64,2003-10-28,S50_1341
10199,1113.6,2003-12-01,S50_1341
10210,1763.86,2004-01-12,S50_1341
10223,1896.66,2004-02-20,S50_1341
10235,1449.35,2004-04-02,S50_1341
10250,1869.48,2004-05-11,S50_1341
10262,1860.53,2004-06-24,S50_1341
10275,1724.82,2004-07-23,S50_1341
10284,1713.69,2004-08-21,S50_1341
10296,1259.44,2004-09-15,S50_1341
10308,2051.08,2004-10-15,S50_1341
10316,1617.38,2004-11-01,S50_1341
10328,1765.62,2004-11-12,S50_1341
10340,2024.8,2004-11-24,S50_1341
10353,3288.4,2004-12-04,S50_1341
10361,2725.47,2004-12-17,S50_1341
10375,3224.2,2005-02-03,S50_1341
10388,3211.38,2005-03-03,S50_1341
10398,1796.34,2005-03-30,S50_1341
10401,1979.6,2005-04-03,S50_1341
10416,1921.41,2005-05-10,S50_1341
10104,3705.24,2003-01-31,S50_1392
10115,2843.91,2003-04-04,S50_1392
10127,6176.42,2003-06-03,S50_1392
10141,5500.44,2003-08-01,S50_1392
10151,3220.1,2003-09-21,S50_1392
10165,4556.16,2003-10-22,S50_1392
10176,3114.89,2003-11-06,S50_1392
10184,4948.2,2003-11-14,S50_1392
10195,5161.17,2003-11-25,S50_1392
10207,2657.76,2003-12-09,S50_1392
10220,3983.05,2004-02-12,S50_1392
10230,3974.94,2004-03-15,S50_1392
10246,2928.42,2004-05-05,S50_1392
10259,3054.57,2004-06-15,S50_1392
10271,3345.26,2004-07-20,S50_1392
10282,4310.72,2004-08-20,S50_1392
10292,4983.14,2004-09-08,S50_1392
10305,4618.32,2004-10-13,S50_1392
10314,3403.12,2004-10-22,S50_1392
10325,5190.42,2004-11-05,S50_1392
10336,3141.57,2004-11-20,S50_1392
10350,2213.4,2004-12-02,S50_1392
10359,4896.7,2004-12-15,S50_1392
10371,2714.4,2005-01-23,S50_1392
10383,3087.05,2005-02-22,S50_1392
10395,5692.96,2005-03-17,S50_1392
10412,3460.86,2005-05-03,S50_1392
10425,1895.94,2005-05-31,S50_1392
10104,1705.92,2003-01-31,S50_1514
10117,1033.41,2003-04-16,S50_1514
10127,3179.52,2003-06-03,S50_1514
10142,2091.18,2003-08-08,S50_1514
10153,1779.71,2003-09-28,S50_1514
10165,2537.64,2003-10-22,S50_1514
10176,2448.72,2003-11-06,S50_1514
10185,972.4,2003-11-14,S50_1514
10196,2856.14,2003-11-26,S50_1514
10208,1968.3,2004-01-02,S50_1514
10220,2056.2,2004-02-12,S50_1514
10230,2242.02,2004-03-15,S50_1514
10247,3128.65,2004-05-05,S50_1514
10272,2443.26,2004-07-20,S50_1514
10282,2470.86,2004-08-20,S50_1514
10292,1927.45,2004-09-08,S50_1514
10306,2051.56,2004-10-14,S50_1514
10314,2337.38,2004-10-22,S50_1514
10325,5932.96,2004-11-05,S50_1514
10337,2296.77,2004-11-21,S50_1514
10350,6490.88,2004-12-02,S50_1514
10359,1623.25,2004-12-15,S50_1514
10372,1405.92,2005-01-26,S50_1514
10383,2282.28,2005-02-22,S50_1514
10395,8977.05,2005-03-17,S50_1514
10413,3256.35,2005-05-05,S50_1514
10108,2821.66,2003-03-03,S50_4713
10121,3293.4,2003-05-07,S50_4713
10135,4224,2003-07-02,S50_4713
10145,3091.68,2003-08-25,S50_4713
10159,2219.6,2003-10-10,S50_4713
10169,3866.4,2003-11-04,S50_4713
10180,1964.76,2003-11-11,S50_4713
10190,2668.8,2003-11-19,S50_4713
10211,3222,2004-01-15,S50_4713
10224,3864.5,2004-02-21,S50_4713
10237,1366.8,2004-04-05,S50_4713
10252,3475.68,2004-05-26,S50_4713
10264,4206.5,2004-06-30,S50_4713
10276,1486.38,2004-08-02,S50_4713
10285,3077.88,2004-08-27,S50_4713
10299,3544.2,2004-09-30,S50_4713
10309,2483.04,2004-10-15,S50_4713
10319,3478.05,2004-11-03,S50_4713
10331,3657.8,2004-11-17,S50_4713
10341,4682.36,2004-11-24,S50_4713
10356,3937.7,2004-12-09,S50_4713
10365,4984.32,2005-01-07,S50_4713
10375,5406.66,2005-02-03,S50_4713
10390,3491.18,2005-03-04,S50_4713
10403,2118.54,2005-04-08,S50_4713
10105,2897.47,2003-02-11,S700_1138
10119,1916.75,2003-04-28,S700_1138
10129,1860,2003-06-12,S700_1138
10142,2624,2003-08-08,S700_1138
10153,2780.81,2003-09-28,S700_1138
10167,3239.62,2003-10-23,S700_1138
10177,1824,2003-11-07,S700_1138
10185,1134,2003-11-14,S700_1138
10197,1487.41,2003-11-26,S700_1138
10208,2837.46,2004-01-02,S700_1138
10222,1942.77,2004-02-19,S700_1138
10233,2544.12,2004-03-29,S700_1138
10248,2568.24,2004-05-07,S700_1138
10261,2108,2004-06-17,S700_1138
10273,1372.14,2004-07-21,S700_1138
10283,3540.15,2004-08-20,S700_1138
10295,1958.84,2004-09-10,S700_1138
10306,2700,2004-10-14,S700_1138
10315,2542,2004-10-29,S700_1138
10326,2340,2004-11-09,S700_1138
10339,2816.44,2004-11-23,S700_1138
10350,3526.82,2004-12-02,S700_1138
10373,4627.92,2005-01-31,S700_1138
10385,1933.5,2005-02-28,S700_1138
10396,2600.13,2005-03-23,S700_1138
10414,2639.58,2005-05-06,S700_1138
10106,3312.97,2003-02-17,S700_1691
10120,3863.87,2003-04-29,S700_1691
10133,1863.36,2003-06-27,S700_1691
10143,3945.96,2003-08-10,S700_1691
10156,4954.08,2003-10-08,S700_1691
10168,2762.2,2003-10-28,S700_1691
10199,3989.76,2003-12-01,S700_1691
10210,1649.55,2004-01-12,S700_1691
10223,2534.75,2004-02-20,S700_1691
10235,2580.25,2004-04-02,S700_1691
10250,2831.54,2004-05-11,S700_1691
10262,3361.2,2004-06-24,S700_1691
10275,2864.32,2004-07-23,S700_1691
10284,1994.88,2004-08-21,S700_1691
10296,4296.6,2004-09-15,S700_1691
10308,2224.95,2004-10-15,S700_1691
10316,2795.14,2004-11-01,S700_1691
10328,2762.1,2004-11-12,S700_1691
10340,2658,2004-11-24,S700_1691
10353,5043.87,2004-12-04,S700_1691
10361,1210.8,2004-12-17,S700_1691
10375,3029.19,2005-02-03,S700_1691
10388,10066.6,2005-03-03,S700_1691
10398,4121.43,2005-03-30,S700_1691
10401,1135.31,2005-04-03,S700_1691
10416,2100.82,2005-05-10,S700_1691
10105,2034.35,2003-02-11,S700_1938
10117,3027.84,2003-04-16,S700_1938
10128,3104,2003-06-06,S700_1938
10142,3612.43,2003-08-08,S700_1938
10153,2711.88,2003-09-28,S700_1938
10166,3013.97,2003-10-21,S700_1938
10177,2738.54,2003-11-07,S700_1938
10185,2832,2003-11-14,S700_1938
10196,4720,2003-11-26,S700_1938
10208,3222,2004-01-02,S700_1938
10221,2231,2004-02-18,S700_1938
10232,2296.84,2004-03-20,S700_1938
10248,4157.2,2004-05-07,S700_1938
10273,2146.2,2004-07-21,S700_1938
10282,3724.23,2004-08-20,S700_1938
10293,2084.81,2004-09-09,S700_1938
10306,3488.78,2004-10-14,S700_1938
10314,1753.06,2004-10-22,S700_1938
10327,3469.2,2004-11-10,S700_1938
10337,2530.8,2004-11-21,S700_1938
10350,2924.32,2004-12-02,S700_1938
10372,4496.8,2005-01-26,S700_1938
10384,6397.44,2005-02-23,S700_1938
10397,2577.6,2005-03-28,S700_1938
10414,3533.62,2005-05-06,S700_1938
10106,3177.3,2003-02-17,S700_2047
10119,2730.06,2003-04-28,S700_2047
10131,1891.78,2003-06-16,S700_2047
10143,2612.48,2003-08-10,S700_2047
10155,2925.76,2003-10-06,S700_2047
10167,2940.02,2003-10-23,S700_2047
10178,3293.24,2003-11-08,S700_2047
10186,2389.68,2003-11-14,S700_2047
10197,2172.48,2003-11-26,S700_2047
10209,2927.43,2004-01-09,S700_2047
10222,2659.54,2004-02-19,S700_2047
10249,3838,2004-05-08,S700_2047
10262,4142.16,2004-06-24,S700_2047
10274,2172.48,2004-07-21,S700_2047
10283,1882.8,2004-08-20,S700_2047
10296,3477.86,2004-09-15,S700_2047
10307,3323.84,2004-10-14,S700_2047
10316,4195.8,2004-11-01,S700_2047
10328,4156.58,2004-11-12,S700_2047
10339,3918.75,2004-11-23,S700_2047
10352,2352.67,2004-12-03,S700_2047
10361,1089.36,2004-12-17,S700_2047
10373,2701.12,2005-01-31,S700_2047
10386,2487.04,2005-03-01,S700_2047
10398,3910.32,2005-03-30,S700_2047
10400,4038.8,2005-04-01,S700_2047
10415,3070.4,2005-05-09,S700_2047
10106,3763.46,2003-02-17,S700_2466
10120,2584.8,2003-04-29,S700_2466
10131,4427.6,2003-06-16,S700_2466
10143,2152.02,2003-08-10,S700_2466
10155,2353.4,2003-10-06,S700_2466
10168,3431.39,2003-10-28,S700_2466
10178,1930.5,2003-11-08,S700_2466
10198,4774.56,2003-11-27,S700_2466
10210,2592.72,2004-01-12,S700_2466
10222,3246.75,2004-02-19,S700_2466
10235,3372.5,2004-04-02,S700_2466
10250,3909.15,2004-05-11,S700_2466
10262,2994.75,2004-06-24,S700_2466
10275,4472.52,2004-07-23,S700_2466
10284,4576.95,2004-08-21,S700_2466
10296,2441.04,2004-09-15,S700_2466
10308,3106.25,2004-10-15,S700_2466
10316,2706.41,2004-11-01,S700_2466
10328,4021.53,2004-11-12,S700_2466
10340,4826.25,2004-11-24,S700_2466
10352,4935.28,2004-12-03,S700_2466
10361,2754.7,2004-12-17,S700_2466
10375,3856.71,2005-02-03,S700_2466
10386,3102.08,2005-03-01,S700_2466
10398,1908.72,2005-03-30,S700_2466
10401,7543.75,2005-04-03,S700_2466
10416,2457.18,2005-05-10,S700_2466
10105,2038.87,2003-02-11,S700_2610
10119,2499.26,2003-04-28,S700_2610
10129,3838.05,2003-06-12,S700_2610
10143,2643.99,2003-08-10,S700_2610
10154,2315.88,2003-10-02,S700_2610
10167,3225.06,2003-10-23,S700_2610
10177,2451.84,2003-11-07,S700_2610
10185,2254.98,2003-11-14,S700_2610
10197,3939.5,2003-11-26,S700_2610
10208,3424.7,2004-01-02,S700_2610
10222,2914.2,2004-02-19,S700_2610
10233,2389.6,2004-03-29,S700_2610
10248,2428.48,2004-05-07,S700_2610
10261,3021.48,2004-06-17,S700_2610
10273,2610.72,2004-07-21,S700_2610
10283,3091.19,2004-08-20,S700_2610
10295,2576.2,2004-09-10,S700_2610
10306,3232.31,2004-10-14,S700_2610
10316,3573.6,2004-11-01,S700_2610
10327,2022.51,2004-11-10,S700_2610
10339,3717.5,2004-11-23,S700_2610
10350,2185.15,2004-12-02,S700_2610
10373,2883.53,2005-01-31,S700_2610
10386,5017.57,2005-03-01,S700_2610
10397,1463,2005-03-28,S700_2610
10414,2352.59,2005-05-06,S700_2610
10103,4460.82,2003-01-29,S700_2824
10114,4758.18,2003-04-01,S700_2824
10126,4597.2,2003-05-28,S700_2824
10140,4114.8,2003-07-24,S700_2824
10150,2104,2003-09-19,S700_2824
10164,3195.27,2003-10-21,S700_2824
10175,3611.16,2003-11-06,S700_2824
10183,2000.77,2003-11-13,S700_2824
10194,2314.26,2003-11-25,S700_2824
10206,3871.89,2003-12-05,S700_2824
10217,2728,2004-02-04,S700_2824
10229,5614,2004-03-11,S700_2824
10245,4628.8,2004-05-04,S700_2824
10258,3641.4,2004-06-15,S700_2824
10270,4048,2004-07-19,S700_2824
10281,2321.46,2004-08-19,S700_2824
10291,3256.96,2004-09-08,S700_2824
10304,4208,2004-10-11,S700_2824
10313,2973.9,2004-10-22,S700_2824
10324,4248.3,2004-11-05,S700_2824
10336,9558.8,2004-11-20,S700_2824
10348,2650.56,2004-11-01,S700_2824
10358,3761.37,2004-12-10,S700_2824
10371,4301.34,2005-01-23,S700_2824
10382,1864.56,2005-02-17,S700_2824
10411,3576.8,2005-05-01,S700_2824
10424,3722.32,2005-05-31,S700_2824
10106,3986.56,2003-02-17,S700_2834
10120,3417.12,2003-04-29,S700_2834
10133,2691.09,2003-06-27,S700_2834
10145,2752.6,2003-08-25,S700_2834
10168,4527.72,2003-10-28,S700_2834
10188,3957.05,2003-11-18,S700_2834
10210,2818,2004-01-12,S700_2834
10223,3199.86,2004-02-20,S700_2834
10235,2402.75,2004-04-02,S700_2834
10250,6055.72,2004-05-11,S700_2834
10263,5465.16,2004-06-28,S700_2834
10275,6378.72,2004-07-23,S700_2834
10285,5392.8,2004-08-27,S700_2834
10297,3986.5,2004-09-16,S700_2834
10308,4009.23,2004-10-15,S700_2834
10318,7119,2004-11-02,S700_2834
10328,4072.2,2004-11-12,S700_2834
10340,4094.51,2004-11-24,S700_2834
10353,3302.4,2004-12-04,S700_2834
10361,3186.48,2004-12-17,S700_2834
10375,1668.25,2005-02-03,S700_2834
10388,7154.5,2005-03-03,S700_2834
10398,2810.83,2005-03-30,S700_2834
10401,2018.31,2005-04-03,S700_2834
10416,5642.83,2005-05-10,S700_2834
10106,3273.6,2003-02-17,S700_3167
10120,3268,2003-04-29,S700_3167
10143,2688,2003-08-10,S700_3167
10155,3715.2,2003-10-06,S700_3167
10168,4608,2003-10-28,S700_3167
10199,3131.2,2003-12-01,S700_3167
10210,2678.4,2004-01-12,S700_3167
10223,1747.2,2004-02-20,S700_3167
10235,2944,2004-04-02,S700_3167
10250,2956.8,2004-05-11,S700_3167
10262,2052,2004-06-24,S700_3167
10275,3164.8,2004-07-23,S700_3167
10284,1740,2004-08-21,S700_3167
10296,1777.6,2004-09-15,S700_3167
10308,1831.2,2004-10-15,S700_3167
10316,3609.6,2004-11-01,S700_3167
10328,2112,2004-11-12,S700_3167
10341,3644.12,2004-11-24,S700_3167
10353,3523.85,2004-12-04,S700_3167
10361,5001.92,2004-12-17,S700_3167
10375,5208.72,2005-02-03,S700_3167
10386,3018.88,2005-03-01,S700_3167
10398,1902.4,2005-03-30,S700_3167
10401,7084,2005-04-03,S700_3167
10416,2620.8,2005-05-10,S700_3167
10105,3164.46,2003-02-11,S700_3505
10118,4219.2,2003-04-21,S700_3505
10129,3828.3,2003-06-12,S700_3505
10142,2334.99,2003-08-08,S700_3505
10153,4407.5,2003-09-28,S700_3505
10167,2812.8,2003-10-23,S700_3505
10177,4055.04,2003-11-07,S700_3505
10185,3891.66,2003-11-14,S700_3505
10197,2488.32,2003-11-26,S700_3505
10208,4447.4,2004-01-02,S700_3505
10222,4187.22,2004-02-19,S700_3505
10232,4615.68,2004-03-20,S700_3505
10248,3245.4,2004-05-07,S700_3505
10261,2203.75,2004-06-17,S700_3505
10273,3446,2004-07-21,S700_3505
10283,1939.3,2004-08-20,S700_3505
10295,3473.78,2004-09-10,S700_3505
10306,2884.8,2004-10-14,S700_3505
10315,2670.65,2004-10-29,S700_3505
10327,3440,2004-11-10,S700_3505
10337,2770.78,2004-11-21,S700_3505
10350,2397.54,2004-12-02,S700_3505
10373,3275.56,2005-01-31,S700_3505
10386,4143.6,2005-03-01,S700_3505
10397,5192.64,2005-03-28,S700_3505
10414,3029.04,2005-05-06,S700_3505
10105,2556.18,2003-02-11,S700_3962
10117,3753.9,2003-04-16,S700_3962
10129,2562.3,2003-06-12,S700_3962
10142,3245.58,2003-08-08,S700_3962
10153,2204.6,2003-09-28,S700_3962
10167,3003,2003-10-23,S700_3962
10177,2526.48,2003-11-07,S700_3962
10185,1747.9,2003-11-14,S700_3962
10197,3267.25,2003-11-26,S700_3962
10208,2818.53,2004-01-02,S700_3962
10222,2955.54,2004-02-19,S700_3962
10232,2885.05,2004-03-20,S700_3962
10248,3162.95,2004-05-07,S700_3962
10261,4071.5,2004-06-17,S700_3962
10273,2969.46,2004-07-21,S700_3962
10283,3396.44,2004-08-20,S700_3962
10294,4692.6,2004-09-10,S700_3962
10306,3515.7,2004-10-14,S700_3962
10315,3380.69,2004-10-29,S700_3962
10327,3204.57,2004-11-10,S700_3962
10337,2588.04,2004-11-21,S700_3962
10350,2854.75,2004-12-02,S700_3962
10373,4025.6,2005-01-31,S700_3962
10386,2864.4,2005-03-01,S700_3962
10397,3789.72,2005-03-28,S700_3962
10414,2439.99,2005-05-06,S700_3962
10106,2949.12,2003-02-17,S700_4002
10119,1539.72,2003-04-28,S700_4002
10131,2213.38,2003-06-16,S700_4002
10143,2919.58,2003-08-10,S700_4002
10155,3778.28,2003-10-06,S700_4002
10168,3233.49,2003-10-28,S700_4002
10178,3431.25,2003-11-08,S700_4002
10198,2546.8,2003-11-27,S700_4002
10210,2953.86,2004-01-12,S700_4002
10222,3183.29,2004-02-19,S700_4002
10235,2466.7,2004-04-02,S700_4002
10250,2363.22,2004-05-11,S700_4002
10262,2487.45,2004-06-24,S700_4002
10275,2249.05,2004-07-23,S700_4002
10284,2061.12,2004-08-21,S700_4002
10296,4071.14,2004-09-15,S700_4002
10308,2656.29,2004-10-15,S700_4002
10316,2736.36,2004-11-01,S700_4002
10328,3348.93,2004-11-12,S700_4002
10339,2893,2004-11-23,S700_4002
10352,1661.22,2004-12-03,S700_4002
10361,4277.35,2004-12-17,S700_4002
10373,2502.9,2005-01-31,S700_4002
10386,3801.6,2005-03-01,S700_4002
10398,3144.96,2005-03-30,S700_4002
10401,2031.4,2005-04-03,S700_4002
10416,2674.17,2005-05-10,S700_4002
10106,2526.72,2003-02-17,S72_1253
10119,1348.76,2003-04-28,S72_1253
10131,875.91,2003-06-16,S72_1253
10143,1874.05,2003-08-10,S72_1253
10155,1671.44,2003-10-06,S72_1253
10167,1668.4,2003-10-23,S72_1253
10178,2301.75,2003-11-08,S72_1253
10186,1459.92,2003-11-14,S72_1253
10197,1209.59,2003-11-26,S72_1253
10209,2145.12,2004-01-09,S72_1253
10222,1416.39,2004-02-19,S72_1253
10249,1843.52,2004-05-08,S72_1253
10262,1199.31,2004-06-24,S72_1253
10274,1875.2,2004-07-21,S72_1253
10283,2477.23,2004-08-20,S72_1253
10296,948.99,2004-09-15,S72_1253
10307,1823.42,2004-10-14,S72_1253
10316,1485.8,2004-11-01,S72_1253
10329,3789.72,2004-11-15,S72_1253
10339,2060.37,2004-11-23,S72_1253
10352,2579.36,2004-12-03,S72_1253
10361,2189.6,2004-12-17,S72_1253
10373,1624.25,2005-01-31,S72_1253
10386,4357.5,2005-03-01,S72_1253
10398,1367.48,2005-03-30,S72_1253
10400,1122.4,2005-04-01,S72_1253
10415,2419.62,2005-05-09,S72_1253
10105,1419.5,2003-02-11,S72_3212
10117,2184,2003-04-16,S72_3212
10129,2079.04,2003-06-12,S72_3212
10142,1724.97,2003-08-08,S72_3212
10153,3003,2003-09-28,S72_3212
10167,1846.42,2003-10-23,S72_3212
10177,2009.2,2003-11-07,S72_3212
10185,1804.04,2003-11-14,S72_3212
10197,2109.66,2003-11-26,S72_3212
10208,2682.96,2004-01-02,S72_3212
10222,2280.24,2004-02-19,S72_3212
10232,1192.56,2004-03-20,S72_3212
10248,1506.96,2004-05-07,S72_3212
10261,1472.62,2004-06-17,S72_3212
10273,1696.82,2004-07-21,S72_3212
10283,1693.56,2004-08-20,S72_3212
10293,1921.92,2004-09-09,S72_3212
10306,2082.85,2004-10-14,S72_3212
10315,2227.6,2004-10-29,S72_3212
10327,3209.38,2004-11-10,S72_3212
10337,4080.72,2004-11-21,S72_3212
10350,2244.4,2004-12-02,S72_3212
10373,3978.51,2005-01-31,S72_3212
10386,5417.57,2005-03-01,S72_3212
10397,2116.16,2005-03-28,S72_3212
10414,3079.44,2005-05-06,S72_3212
